snapshot_date,gameweek,player_id,player_name,position,team_id,status,news,news_added,chance_of_playing_this_round,chance_of_playing_next_round,form,ep_next,ep_this,event_points,total_points,draft_rank,form_rank,points_per_game_rank,ict_index_rank,penalties_order,direct_freekicks_order,corners_and_indirect_freekicks_order
2026-08-25,1,1,Raya,GKP,1,a,,,,,6.0,,,6,6,59,,,231,,,
2026-08-25,1,2,Arrizabalaga,GKP,1,a,,,,,0.0,,,0,0,332,,,448,,,
2026-08-25,1,3,Meslier,GKP,1,a,,,,,0.0,,,0,0,336,,,486,,,
2026-08-25,1,4,Gabriel,DEF,1,a,,,,,5.0,,,5,5,7,,,240,,,
2026-08-25,1,5,J.Timber,DEF,1,i,Groin injury - Unknown return date,2026-07-23T12:01:23.272929Z,0,0,0.0,,,0,0,36,,,602,,,
2026-08-25,1,6,Saliba,DEF,1,i,Back injury - Unknown return date,2026-07-23T12:01:23.289376Z,0,0,0.0,,,0,0,66,,,587,,,
2026-08-25,1,7,Lewis-Skelly,MID,1,a,,,,,3.0,,,3,3,184,,,101,,,
2026-08-25,1,8,Calafiori,DEF,1,a,,,,,9.0,,,9,9,132,,,98,,,
2026-08-25,1,9,Hincapie,DEF,1,a,,,,,1.0,,,1,1,141,,,292,,,
2026-08-25,1,10,White,DEF,1,a,,2026-07-23T12:01:23.305229Z,100,100,11.0,,,11,11,172,,,41,,,
2026-08-25,1,11,Mosquera,DEF,1,a,,,,,6.0,,,6,6,179,,,210,,,
2026-08-25,1,12,Saka,MID,1,a,,,,,9.0,,,9,9,3,,,12,,,
2026-08-25,1,13,Rice,MID,1,a,,,,,3.0,,,3,3,13,,,213,,,
2026-08-25,1,14,Eze,MID,1,a,,,,,1.0,,,1,1,41,,,294,,,
2026-08-25,1,15,Ødegaard,MID,1,a,,,,,11.0,,,11,11,44,,,6,,,
2026-08-25,1,16,Madueke,MID,1,a,,,,,1.0,,,1,1,45,,,70,,,
2026-08-25,1,17,Merino,MID,1,a,,,,,1.0,,,1,1,94,,,186,,,
2026-08-25,1,18,Martinelli,MID,1,a,,,,,0.0,,,0,0,49,,,600,,,
2026-08-25,1,19,Zubimendi,MID,1,a,,,,,1.0,,,1,1,119,,,253,,,
2026-08-25,1,20,Dowman,MID,1,a,,,,,0.0,,,0,0,192,,,579,,,
2026-08-25,1,21,Nørgaard,MID,9,i,Unspecified injury - Unknown return date,2026-08-15T20:00:06.779594Z,0,0,0.0,,,0,0,323,,,451,,,
2026-08-25,1,22,Nwaneri,MID,1,a,,,,,0.0,,,0,0,199,,,571,,,
2026-08-25,1,23,Fábio Vieira,MID,1,a,,,,,0.0,,,0,0,201,,,558,,,
2026-08-25,1,24,Nelson,MID,1,a,,,,,0.0,,,0,0,196,,,549,,,
2026-08-25,1,25,Gyökeres,FWD,1,a,,,,,0.0,,,0,0,17,,,608,,,
2026-08-25,1,26,Havertz,FWD,1,a,,,,,6.0,,,6,6,22,,,38,,,
2026-08-25,1,27,G.Jesus,FWD,1,a,,,,,0.0,,,0,0,105,,,583,,,
2026-08-25,1,28,Martinez,GKP,2,a,,,,,0.0,,,0,0,235,,,445,,,
2026-08-25,1,29,M.Bizot,GKP,2,a,,,,,1.0,,,1,1,453,,,138,,,
2026-08-25,1,30,Digne,DEF,2,u,Has joined Paris Saint-Germain permanently,2026-08-10T14:03:30.089007Z,0,0,0.0,,,0,0,412,,,354,,,
2026-08-25,1,31,Konsa,DEF,1,a,,,,,0.0,,,0,0,410,,,369,,,
2026-08-25,1,32,Cash,DEF,2,a,,,,,-1.0,,,-1,-1,404,,,222,,,
2026-08-25,1,33,Mings,DEF,2,a,,,,,1.0,,,1,1,434,,,280,,,
2026-08-25,1,34,Pau,DEF,2,a,,,,,0.0,,,0,0,427,,,385,,,
2026-08-25,1,35,Bogarde,MID,2,a,,,,,1.0,,,1,1,293,,,277,,,
2026-08-25,1,36,Maatsen,DEF,2,a,,,,,0.0,,,0,0,431,,,223,,,
2026-08-25,1,37,Lindelöf,DEF,2,a,,,,,-2.0,,,-2,-2,445,,,281,,,
2026-08-25,1,38,A.García,DEF,2,a,,,,,0.0,,,0,0,544,,,346,,,
2026-08-25,1,39,Nedeljkovic,DEF,2,u,Has joined Rangers on loan for the rest of the season,2026-08-19T13:56:46.385411Z,0,0,0.0,,,0,0,553,,,344,,,
2026-08-25,1,40,Rogers,MID,6,a,,,,,8.0,,,8,8,15,,,3,,,
2026-08-25,1,41,Buendía,MID,2,a,,,,,2.0,,,2,2,81,,,167,,,
2026-08-25,1,42,Guessand,MID,8,a,,,,,1.0,,,1,1,174,,,230,,,
2026-08-25,1,43,Tielemans,MID,16,a,,2026-07-23T12:01:23.321726Z,100,100,2.0,,,2,2,93,,,182,,,
2026-08-25,1,44,Bailey,MID,2,a,,,,,0.0,,,0,0,189,,,553,,,
2026-08-25,1,45,McGinn,MID,2,a,,,,,1.0,,,1,1,135,,,258,,,
2026-08-25,1,46,Barkley,MID,2,a,,,,,2.0,,,2,2,278,,,107,,,
2026-08-25,1,47,Kamara,MID,2,a,,2026-07-23T12:01:23.337269Z,100,100,2.0,,,2,2,274,,,218,,,
2026-08-25,1,48,Onana,MID,2,i,Knee injury - Unknown return date,2026-07-23T12:01:23.352497Z,0,0,0.0,,,0,0,260,,,494,,,
2026-08-25,1,49,Iling Jr,MID,2,u,Has joined Bolton Wanderers on loan for the rest of the season,2026-08-17T13:52:28.532616Z,0,0,0.0,,,0,0,337,,,500,,,
2026-08-25,1,50,Burrowes,MID,2,a,,,,,0.0,,,0,0,476,,,438,,,
2026-08-25,1,51,George Hemmings,MID,2,a,,,,,2.0,,,2,2,469,,,154,,,
2026-08-25,1,52,Alysson,MID,2,a,,,,,1.0,,,1,1,328,,,267,,,
2026-08-25,1,53,Manzambi,MID,2,i,Knee injury - Unknown return date,2026-08-15T15:30:06.388335Z,0,0,0.0,,,0,0,106,,,597,,,
2026-08-25,1,54,Gomes,MID,2,s,Suspended until 19 Sep,2026-08-23T17:30:08.367415Z,0,0,-2.0,,,-2,-2,144,,,228,,,
2026-08-25,1,55,Watkins,FWD,2,a,,,,,0.0,,,0,0,10,,,612,,,
2026-08-25,1,56,Abraham,FWD,2,d,Knock - 75% chance of playing,2026-08-15T16:00:07.558543Z,75,75,0.0,,,0,0,187,,,543,,,
2026-08-25,1,57,Petrović,GKP,3,a,,,,,2.0,,,2,2,401,,,111,,,
2026-08-25,1,58,Forster,GKP,3,a,,,,,0.0,,,0,0,554,,,297,,,
2026-08-25,1,59,Dennis,GKP,3,a,,,,,0.0,,,0,0,555,,,320,,,
2026-08-25,1,60,Hill,DEF,3,a,,,,,1.0,,,1,1,130,,,229,,,
2026-08-25,1,61,Truffert,DEF,3,a,,,,,1.0,,,1,1,112,,,200,,,
2026-08-25,1,62,Diakité,DEF,3,a,,,,,0.0,,,0,0,289,,,481,,,
2026-08-25,1,63,Milosavljević,DEF,3,i,Unspecified injury - Unknown return date,2026-08-06T10:00:10.456051Z,0,0,0.0,,,0,0,307,,,536,,,
2026-08-25,1,64,Smith,DEF,3,a,,,,,1.0,,,1,1,429,,,242,,,
2026-08-25,1,65,J.Araujo,DEF,3,i,Thigh injury - Unknown return date,2026-08-09T08:00:05.645826Z,0,0,0.0,,,0,0,485,,,387,,,
2026-08-25,1,66,Soler,DEF,3,d,Hamstring injury - 75% chance of playing,2026-08-15T16:30:07.021055Z,75,75,0.0,,,0,0,545,,,341,,,
2026-08-25,1,67,Rayan,MID,3,a,,,,,2.0,,,2,2,47,,,117,,,
2026-08-25,1,68,Tavernier,MID,3,a,,,,,10.0,,,10,10,67,,,36,,,
2026-08-25,1,69,Scott,MID,3,a,,,,,2.0,,,2,2,69,,,205,,,
2026-08-25,1,70,Kluivert,MID,3,a,,,,,3.0,,,3,3,100,,,99,,,
2026-08-25,1,71,Cook,MID,3,a,,,,,3.0,,,3,3,294,,,245,,,
2026-08-25,1,72,Gannon-Doak,MID,3,a,,,,,1.0,,,1,1,319,,,282,,,
2026-08-25,1,73,Adams,MID,3,a,,2026-08-15T16:30:07.029928Z,75,100,1.0,,,1,1,259,,,263,,,
2026-08-25,1,74,Brooks,MID,3,a,,2026-08-15T16:30:07.037929Z,75,100,0.0,,,0,0,276,,,449,,,
2026-08-25,1,75,Christie,MID,3,a,,2026-07-24T17:30:10.035483Z,0,100,0.0,,,0,0,287,,,456,,,
2026-08-25,1,76,Tóth.A,MID,3,a,,,,,1.0,,,1,1,321,,,278,,,
2026-08-25,1,77,Adli,MID,3,i,Unspecified injury - Unknown return date,2026-08-15T16:00:07.590566Z,0,0,0.0,,,0,0,267,,,507,,,
2026-08-25,1,78,Kroupi.Jr,MID,3,i,Foot injury - Unknown return date,2026-07-29T17:30:09.796802Z,0,0,0.0,,,0,0,21,,,611,,,
2026-08-25,1,79,Evanilson,FWD,3,a,,,,,4.0,,,4,4,76,,,124,,,
2026-08-25,1,80,Enes Ünal,FWD,3,u,Has joined Getafe permanently,2026-08-14T14:14:21.881112Z,0,0,0.0,,,0,0,185,,,542,,,
2026-08-25,1,81,Rodríguez,FWD,3,a,,2026-08-15T16:30:07.054142Z,75,100,0.0,,,0,0,107,,,594,,,
2026-08-25,1,82,Kelleher,GKP,4,a,,,,,7.0,,,7,7,226,,,128,,,
2026-08-25,1,83,Valdimarsson,GKP,4,a,,,,,0.0,,,0,0,477,,,403,,,
2026-08-25,1,84,Collins,DEF,4,a,,,,,6.0,,,6,6,120,,,77,,,
2026-08-25,1,85,Van den Berg,DEF,4,i,Groin injury - Unknown return date,2026-08-15T15:30:06.416627Z,0,0,0.0,,,0,0,239,,,491,,,
2026-08-25,1,86,Lewis-Potter,MID,4,a,,,,,10.0,,,10,10,125,,,29,,,
2026-08-25,1,87,Ajer,DEF,4,a,,,,,8.0,,,8,8,421,,,60,,,
2026-08-25,1,88,Kayode,DEF,4,a,,,,,13.0,,,13,13,405,,,31,,,
2026-08-25,1,89,Henry,DEF,4,a,,,,,0.0,,,0,0,433,,,368,,,
2026-08-25,1,90,Hickey,DEF,4,a,,,,,1.0,,,1,1,442,,,392,,,
2026-08-25,1,91,Pinnock,DEF,4,a,,,,,0.0,,,0,0,456,,,377,,,
2026-08-25,1,92,Ji-soo,DEF,4,a,,,,,0.0,,,0,0,486,,,421,,,
2026-08-25,1,93,Schuster,DEF,4,a,,,,,0.0,,,0,0,487,,,404,,,
2026-08-25,1,94,Schade,MID,4,a,,,,,3.0,,,3,3,73,,,28,,,
2026-08-25,1,95,O.Dango,MID,4,a,,,,,3.0,,,3,3,37,,,85,,,
2026-08-25,1,96,Damsgaard,MID,4,a,,,,,1.0,,,1,1,127,,,120,,,
2026-08-25,1,97,Jensen,MID,4,a,,,,,6.0,,,6,6,137,,,43,,,
2026-08-25,1,98,Janelt,MID,4,a,,,,,9.0,,,9,9,262,,,8,,,
2026-08-25,1,99,Milambo,MID,4,i,Knee injury - Unknown return date,2026-07-23T12:01:23.384798Z,0,0,0.0,,,0,0,334,,,525,,,
2026-08-25,1,100,Carvalho,MID,4,d,Lack of match fitness - 75% chance of playing,2026-08-18T13:58:17.442072Z,75,75,0.0,,,0,0,311,,,482,,,
2026-08-25,1,101,Henderson,MID,6,d,Wrist injury - 75% chance of playing,2026-08-09T09:30:07.136250Z,75,75,0.0,,,0,0,261,,,441,,,
2026-08-25,1,102,Yarmoliuk,MID,4,a,,,,,1.0,,,1,1,245,,,252,,,
2026-08-25,1,103,Dasilva,MID,4,a,,,,,0.0,,,0,0,333,,,462,,,
2026-08-25,1,104,Onyeka,MID,7,a,,,,,2.0,,,2,2,316,,,255,,,
2026-08-25,1,105,Anthony,MID,4,a,,,,,1.0,,,1,1,108,,,84,,,
2026-08-25,1,106,Thiago,FWD,4,a,,,,,0.0,,,0,0,9,,,221,,,
2026-08-25,1,107,Furo,FWD,4,a,,,,,0.0,,,0,0,478,,,428,,,
2026-08-25,1,108,Wilson,FWD,4,a,,,,,1.0,,,1,1,202,,,192,,,
2026-08-25,1,109,Verbruggen,GKP,5,a,,,,,6.0,,,6,6,400,,,244,,,
2026-08-25,1,110,Rushworth,GKP,7,a,,,,,1.0,,,1,1,488,,,215,,,
2026-08-25,1,111,Steele,GKP,5,a,,,,,0.0,,,0,0,556,,,298,,,
2026-08-25,1,112,Van Hecke,DEF,19,a,,,,,1.0,,,1,1,225,,,122,,,
2026-08-25,1,113,F.Kadıoğlu,DEF,5,d,Unspecified injury - 75% chance of playing,2026-08-23T13:00:07.595211Z,,75,0.0,,,0,0,403,,,378,,,
2026-08-25,1,114,Boscagli,DEF,5,a,,,,,6.0,,,6,6,438,,,133,,,
2026-08-25,1,115,De Cuyper,DEF,5,a,,,,,17.0,,,17,17,418,,,4,,,
2026-08-25,1,116,Dunk,DEF,5,a,,,,,6.0,,,6,6,411,,,175,,,
2026-08-25,1,117,Coppola,DEF,5,a,,,,,0.0,,,0,0,461,,,414,,,
2026-08-25,1,118,Igor,DEF,5,a,,,,,0.0,,,0,0,464,,,376,,,
2026-08-25,1,119,Costinha,DEF,5,a,,,,,1.0,,,1,1,489,,,139,,,
2026-08-25,1,120,Svoboda,DEF,5,a,,,,,0.0,,,0,0,338,,,496,,,
2026-08-25,1,121,Mitoma,MID,5,i,Hamstring injury - Unknown return date,2026-07-24T18:30:10.661894Z,0,0,0.0,,,0,0,96,,,586,,,
2026-08-25,1,122,Minteh,MID,5,i,Leg injury - Expected back 28 Nov,2026-08-14T18:00:06.418033Z,0,0,0.0,,,0,0,75,,,595,,,
2026-08-25,1,123,Hinshelwood,MID,5,a,,,,,16.0,,,16,16,85,,,2,,,
2026-08-25,1,124,Groß,MID,5,a,,,,,2.0,,,2,2,153,,,26,,,
2026-08-25,1,125,Georginio,FWD,5,a,,,,,5.0,,,5,5,142,,,87,,,
2026-08-25,1,126,O'Riley,MID,5,a,,,,,0.0,,,0,0,193,,,554,,,
2026-08-25,1,127,Gomez,MID,5,a,,,,,6.0,,,6,6,247,,,13,,,
2026-08-25,1,128,Buonanotte,MID,5,u,Has joined Elche on loan for the rest of the season,2026-08-10T14:03:07.561436Z,0,0,0.0,,,0,0,329,,,524,,,
2026-08-25,1,129,Ayari,MID,5,a,,,,,2.0,,,2,2,138,,,201,,,
2026-08-25,1,130,Wieffer,DEF,5,a,,,,,7.0,,,7,7,250,,,80,,,
2026-08-25,1,131,Baleba,MID,5,i,Ankle injury - Unknown return date,2026-08-06T16:00:10.997714Z,0,0,0.0,,,0,0,279,,,520,,,
2026-08-25,1,132,Howell,MID,5,u,Has joined Leicester City on loan for the rest of the season,2026-08-17T13:53:19.019938Z,0,0,0.0,,,0,0,467,,,430,,,
2026-08-25,1,133,Watson,MID,5,u,Has joined Leicester City on loan for the rest of the season,2026-08-03T14:05:44.459483Z,0,0,0.0,,,0,0,325,,,527,,,
2026-08-25,1,134,Oriola,MID,5,a,,,,,0.0,,,0,0,479,,,417,,,
2026-08-25,1,135,Yohanna,MID,5,a,,,,,1.0,,,1,1,339,,,284,,,
2026-08-25,1,136,Welbeck,FWD,6,a,,2026-08-20T14:00:07.949090Z,75,100,0.0,,,0,0,72,,,582,,,
2026-08-25,1,137,Tzimas,FWD,5,i,Knee injury - Unknown return date,2026-07-23T12:01:23.432796Z,0,0,0.0,,,0,0,194,,,578,,,
2026-08-25,1,138,Kostoulas,FWD,5,a,,,,,1.0,,,1,1,182,,,237,,,
2026-08-25,1,139,Ferguson,FWD,5,i,Ankle injury - Expected back 10 Oct,2026-07-23T12:01:23.448357Z,0,0,0.0,,,0,0,340,,,505,,,
2026-08-25,1,140,Sánchez,GKP,6,a,,,,,2.0,,,2,2,240,,,170,,,
2026-08-25,1,141,Jörgensen,GKP,6,u,Has joined RC Strasbourg on loan for the rest of the season,2026-08-12T14:07:02.607115Z,0,0,0.0,,,0,0,320,,,518,,,
2026-08-25,1,142,James,DEF,6,a,,,,,0.0,,,0,0,126,,,54,,,
2026-08-25,1,143,Chalobah,DEF,6,u,Has joined Como permanently,2026-08-10T14:03:50.769483Z,0,0,0.0,,,0,0,114,,,546,,,
2026-08-25,1,144,Gusto,DEF,6,a,,,,,1.0,,,1,1,248,,,162,,,
2026-08-25,1,145,Fofana,DEF,6,a,,2026-07-23T12:01:23.464591Z,0,100,0.0,,,0,0,271,,,490,,,
2026-08-25,1,146,B.Badiashile,DEF,6,u,Has joined Napoli on loan for the rest of the season,2026-08-25T14:03:47.079414Z,,0,0.0,,,0,0,462,,,382,,,
2026-08-25,1,147,Tosin,DEF,6,a,,,,,0.0,,,0,0,443,,,358,,,
2026-08-25,1,148,Hato,DEF,6,a,,,,,1.0,,,1,1,451,,,125,,,
2026-08-25,1,149,Colwill,DEF,6,a,,,,,0.0,,,0,0,322,,,208,,,
2026-08-25,1,150,M.Sarr,DEF,6,a,,,,,0.0,,,0,0,468,,,423,,,
2026-08-25,1,151,Acheampong,DEF,6,a,,,,,3.0,,,3,3,439,,,112,,,
2026-08-25,1,152,Palestra,DEF,6,d,Unspecified injury - 75% chance of playing,2026-08-24T18:30:07.421239Z,,75,0.0,,,0,0,203,,,580,,,
2026-08-25,1,153,Disasi,DEF,6,a,,,,,0.0,,,0,0,490,,,374,,,
2026-08-25,1,154,Palmer,MID,6,a,,2026-08-24T22:00:07.971542Z,,100,13.0,,,13,13,4,,,1,,,
2026-08-25,1,155,Enzo,MID,6,a,,,,,1.0,,,1,1,24,,,212,,,
2026-08-25,1,156,Neto,MID,6,a,,,,,1.0,,,1,1,38,,,227,,,
2026-08-25,1,157,Estêvão,MID,6,a,,,,,1.0,,,1,1,48,,,295,,,
2026-08-25,1,158,Gittens,MID,6,a,,,,,0.0,,,0,0,104,,,588,,,
2026-08-25,1,159,Caicedo,MID,6,d,Unspecified injury - 75% chance of playing,2026-08-24T18:30:07.431154Z,,75,0.0,,,0,0,131,,,569,,,
2026-08-25,1,160,Garnacho,MID,2,a,,,,,1.0,,,1,1,97,,,590,,,
2026-08-25,1,161,Lavia,MID,6,a,,,,,1.0,,,1,1,312,,,44,,,
2026-08-25,1,162,Andrey Santos,MID,16,a,,,,,2.0,,,2,2,288,,,191,,,
2026-08-25,1,163,D.Essugo,MID,6,a,,,,,0.0,,,0,0,480,,,395,,,
2026-08-25,1,164,Quenda,MID,6,a,,2026-07-24T20:30:10.609931Z,100,100,1.0,,,1,1,204,,,270,,,
2026-08-25,1,165,João Pedro,FWD,6,a,,,,,11.0,,,11,11,14,,,11,,,
2026-08-25,1,166,N.Jackson,FWD,6,a,,,,,0.0,,,0,0,52,,,605,,,
2026-08-25,1,167,Delap,FWD,6,a,,,,,0.0,,,0,0,173,,,563,,,
2026-08-25,1,168,Marc Guiu,FWD,6,a,,,,,0.0,,,0,0,313,,,515,,,
2026-08-25,1,169,Mheuka,FWD,6,a,,,,,0.0,,,0,0,481,,,420,,,
2026-08-25,1,170,Emegha,FWD,6,a,,2026-07-24T20:30:10.622380Z,100,100,0.0,,,0,0,341,,,517,,,
2026-08-25,1,171,Dovin,GKP,7,a,,,,,0.0,,,0,0,557,,,326,,,
2026-08-25,1,172,Wilson,GKP,7,a,,,,,0.0,,,0,0,491,,,359,,,
2026-08-25,1,173,Thomas,DEF,7,a,,,,,3.0,,,3,3,558,,,115,,,
2026-08-25,1,174,Kitching,DEF,7,a,,,,,0.0,,,0,0,559,,,319,,,
2026-08-25,1,175,van Ewijk,DEF,7,a,,,,,1.0,,,1,1,560,,,206,,,
2026-08-25,1,176,Dasilva,DEF,7,a,,,,,1.0,,,1,1,561,,,188,,,
2026-08-25,1,177,Kesler-Hayden,DEF,7,a,,,,,0.0,,,0,0,562,,,324,,,
2026-08-25,1,178,Bidwell,DEF,7,a,,,,,0.0,,,0,0,563,,,301,,,
2026-08-25,1,179,Latibeaudiere,DEF,7,a,,,,,0.0,,,0,0,564,,,312,,,
2026-08-25,1,180,Woolfenden,DEF,7,a,,,,,0.0,,,0,0,565,,,315,,,
2026-08-25,1,181,Brau,DEF,7,a,,,,,0.0,,,0,0,566,,,342,,,
2026-08-25,1,182,Amenda,DEF,7,a,,,,,1.0,,,1,1,567,,,129,,,
2026-08-25,1,183,Rudoni,MID,7,a,,2026-07-23T12:01:23.481435Z,100,100,1.0,,,1,1,342,,,148,,,
2026-08-25,1,184,Grimes,MID,7,a,,,,,2.0,,,2,2,343,,,197,,,
2026-08-25,1,185,Sakamoto,MID,7,a,,,,,0.0,,,0,0,344,,,516,,,
2026-08-25,1,186,Mason-Clark,MID,7,a,,2026-08-19T18:00:08.310507Z,100,100,0.0,,,0,0,205,,,556,,,
2026-08-25,1,187,Eccles,MID,7,a,,,,,0.0,,,0,0,345,,,488,,,
2026-08-25,1,188,Torp,MID,7,a,,,,,1.0,,,1,1,206,,,163,,,
2026-08-25,1,189,Shepherd,MID,7,a,,,,,0.0,,,0,0,492,,,440,,,
2026-08-25,1,190,Tchaouna,MID,7,a,,,,,2.0,,,2,2,207,,,232,,,
2026-08-25,1,191,Borges Rodrigues,MID,7,a,,,,,0.0,,,0,0,493,,,397,,,
2026-08-25,1,192,Andrews,MID,7,a,,,,,0.0,,,0,0,494,,,435,,,
2026-08-25,1,193,Wright,FWD,7,i,Thigh injury - Unknown return date,2026-08-14T22:00:07.214508Z,0,0,0.0,,,0,0,208,,,545,,,
2026-08-25,1,194,Thomas-Asante,FWD,7,a,,,,,2.0,,,2,2,346,,,251,,,
2026-08-25,1,195,Simms,FWD,7,a,,,,,2.0,,,2,2,347,,,198,,,
2026-08-25,1,196,Markelo,FWD,7,u,Has joined Shabab Al-Ahli Dubai permanently,2026-08-17T13:53:55.791223Z,0,0,0.0,,,0,0,348,,,529,,,
2026-08-25,1,197,Bassette,FWD,7,u,Has joined KVC Westerlo on loan for the rest of the season,2026-07-28T12:58:50.001768Z,0,0,0.0,,,0,0,495,,,412,,,
2026-08-25,1,198,Henderson,GKP,8,a,,2026-08-20T14:00:08.018379Z,75,100,2.0,,,2,2,228,,,140,,,
2026-08-25,1,199,Benitez,GKP,8,a,,,,,0.0,,,0,0,463,,,360,,,
2026-08-25,1,200,Lacroix,DEF,6,a,,,,,6.0,,,6,6,61,,,58,,,
2026-08-25,1,201,Muñoz,DEF,8,a,,,,,0.0,,,0,0,115,,,159,,,
2026-08-25,1,202,Richards,DEF,8,a,,,,,3.0,,,3,3,230,,,95,,,
2026-08-25,1,203,Canvot,DEF,8,a,,,,,1.0,,,1,1,263,,,109,,,
2026-08-25,1,204,Mitchell,DEF,8,a,,,,,1.0,,,1,1,399,,,143,,,
2026-08-25,1,205,Sosa,DEF,8,a,,,,,0.0,,,0,0,465,,,373,,,
2026-08-25,1,206,Chadi Riad,DEF,8,d,Knee injury - 50% chance of playing,2026-08-22T18:00:07.352049Z,,50,1.0,,,1,1,449,,,216,,,
2026-08-25,1,207,Mingueza,DEF,8,a,,,,,0.0,,,0,0,496,,,381,,,
2026-08-25,1,208,Sarr,MID,8,d,Groin injury - 75% chance of playing,2026-08-22T18:00:07.363165Z,,75,0.0,,,0,0,39,,,599,,,
2026-08-25,1,209,Johnson,MID,9,a,,,,,1.0,,,1,1,95,,,272,,,
2026-08-25,1,210,Wharton,MID,8,a,,2026-07-23T12:01:23.498963Z,100,100,4.0,,,4,4,129,,,82,,,
2026-08-25,1,211,Yeremy,MID,8,a,,,,,1.0,,,1,1,154,,,220,,,
2026-08-25,1,212,Hughes,MID,8,a,,,,,0.0,,,0,0,435,,,356,,,
2026-08-25,1,213,Lerma,MID,8,a,,,,,0.0,,,0,0,265,,,454,,,
2026-08-25,1,214,Kamada,MID,8,a,,,,,3.0,,,3,3,268,,,75,,,
2026-08-25,1,215,Devenny,MID,8,a,,,,,0.0,,,0,0,297,,,506,,,
2026-08-25,1,216,Esse,MID,8,a,,,,,0.0,,,0,0,327,,,535,,,
2026-08-25,1,217,M.França,MID,8,a,,,,,0.0,,,0,0,349,,,523,,,
2026-08-25,1,218,Doucouré,MID,8,a,,,,,0.0,,,0,0,350,,,487,,,
2026-08-25,1,219,J.Rak-Sakyi,MID,8,a,,,,,0.0,,,0,0,351,,,495,,,
2026-08-25,1,220,Cardines,DEF,8,u,Has joined Bristol City on loan for the rest of the season,2026-08-12T14:08:46.501813Z,0,0,0.0,,,0,0,470,,,425,,,
2026-08-25,1,221,Drakes-Thomas,MID,8,a,,,,,0.0,,,0,0,471,,,439,,,
2026-08-25,1,222,Strand Larsen,FWD,8,a,,,,,1.0,,,1,1,92,,,168,,,
2026-08-25,1,223,Mateta,FWD,8,a,,,,,2.0,,,2,2,40,,,153,,,
2026-08-25,1,224,Nketiah,FWD,8,a,,,,,1.0,,,1,1,188,,,56,,,
2026-08-25,1,225,Uche,FWD,8,u,has returned to Getafe CF,2026-07-23T12:18:56.275922Z,0,0,0.0,,,0,0,308,,,539,,,
2026-08-25,1,226,Pickford,GKP,9,a,,,,,7.0,,,7,7,116,,,127,,,
2026-08-25,1,227,Travers,GKP,9,a,,,,,0.0,,,0,0,352,,,476,,,
2026-08-25,1,228,King,GKP,9,a,,,,,0.0,,,0,0,497,,,362,,,
2026-08-25,1,229,Tarkowski,DEF,9,a,,,,,6.0,,,6,6,58,,,181,,,
2026-08-25,1,230,Branthwaite,DEF,9,a,,,,,6.0,,,6,6,183,,,152,,,
2026-08-25,1,231,Keane,DEF,9,a,,,,,0.0,,,0,0,229,,,446,,,
2026-08-25,1,232,O'Brien,DEF,9,a,,,,,0.0,,,0,0,236,,,519,,,
2026-08-25,1,233,Mykolenko,DEF,9,a,,,,,6.0,,,6,6,414,,,135,,,
2026-08-25,1,234,Patterson,DEF,9,a,,,,,0.0,,,0,0,448,,,384,,,
2026-08-25,1,235,Aznou,DEF,9,a,,,,,0.0,,,0,0,568,,,329,,,
2026-08-25,1,236,Dewsbury-Hall,MID,9,a,,,,,11.0,,,11,11,35,,,16,,,
2026-08-25,1,237,Ndiaye,MID,9,a,,,,,9.0,,,9,9,71,,,5,,,
2026-08-25,1,238,Grealish,MID,15,a,,2026-07-29T10:00:10.492904Z,100,100,1.0,,,1,1,42,,,287,,,
2026-08-25,1,239,Garner,MID,9,a,,2026-07-25T14:30:10.455878Z,25,100,1.0,,,1,1,60,,,187,,,
2026-08-25,1,240,Iroegbunam,MID,9,i,Thigh injury - Unknown return date,2026-08-15T20:00:06.878792Z,0,0,0.0,,,0,0,266,,,508,,,
2026-08-25,1,241,McNeil,MID,8,a,,,,,2.0,,,2,2,167,,,204,,,
2026-08-25,1,242,George,MID,9,a,,,,,3.0,,,3,3,195,,,65,,,
2026-08-25,1,243,Alcaraz,MID,9,a,,,,,1.0,,,1,1,304,,,165,,,
2026-08-25,1,244,Armstrong,MID,9,a,,,,,8.0,,,8,8,306,,,81,,,
2026-08-25,1,245,Dibling,MID,9,a,,,,,0.0,,,0,0,190,,,570,,,
2026-08-25,1,246,Röhl,MID,9,a,,,,,3.0,,,3,3,298,,,136,,,
2026-08-25,1,247,Hackney,MID,9,a,,,,,3.0,,,3,3,209,,,149,,,
2026-08-25,1,248,Beto,FWD,9,a,,,,,1.0,,,1,1,134,,,285,,,
2026-08-25,1,249,Barry,FWD,9,a,,,,,8.0,,,8,8,139,,,15,,,
2026-08-25,1,250,Leno,GKP,10,a,,,,,2.0,,,2,2,402,,,130,,,
2026-08-25,1,251,Lecomte,GKP,10,a,,,,,0.0,,,0,0,569,,,302,,,
2026-08-25,1,252,McNally,GKP,10,a,,,,,0.0,,,0,0,570,,,332,,,
2026-08-25,1,253,Andersen,DEF,10,a,,2026-07-23T12:01:23.516350Z,0,100,0.0,,,0,0,234,,,460,,,
2026-08-25,1,254,Robinson,DEF,10,a,,,,,1.0,,,1,1,426,,,74,,,
2026-08-25,1,255,J.Cuenca,DEF,10,a,,,,,3.0,,,3,3,440,,,66,,,
2026-08-25,1,256,Tete,DEF,10,a,,,,,0.0,,,0,0,419,,,364,,,
2026-08-25,1,257,Bassey,DEF,10,a,,,,,0.0,,,0,0,409,,,176,,,
2026-08-25,1,258,Castagne,DEF,10,a,,,,,6.0,,,6,6,428,,,22,,,
2026-08-25,1,259,Diop,DEF,12,a,,,,,2.0,,,2,2,540,,,234,,,
2026-08-25,1,260,Wilson,MID,13,a,,,,,3.0,,,3,3,33,,,150,,,
2026-08-25,1,261,Iwobi,MID,10,a,,,,,2.0,,,2,2,136,,,158,,,
2026-08-25,1,262,Smith Rowe,MID,10,a,,,,,0.0,,,0,0,151,,,552,,,
2026-08-25,1,263,Kevin,MID,10,a,,,,,1.0,,,1,1,169,,,248,,,
2026-08-25,1,264,Bobb,MID,10,a,,,,,2.0,,,2,2,177,,,132,,,
2026-08-25,1,265,Berge,MID,10,a,,,,,2.0,,,2,2,252,,,91,,,
2026-08-25,1,266,Cairney,MID,10,i,Knee injury - Expected back 10 Oct,2026-08-14T18:00:06.460944Z,0,0,0.0,,,0,0,292,,,442,,,
2026-08-25,1,267,Lukić,MID,12,a,,,,,5.0,,,5,5,269,,,102,,,
2026-08-25,1,268,King,MID,10,a,,,,,7.0,,,7,7,162,,,14,,,
2026-08-25,1,269,Sessegnon,DEF,10,a,,,,,1.0,,,1,1,415,,,147,,,
2026-08-25,1,270,Reed,MID,10,a,,,,,0.0,,,0,0,455,,,363,,,
2026-08-25,1,271,Muniz,FWD,10,a,,,,,1.0,,,1,1,181,,,151,,,
2026-08-25,1,272,Kusi-Asare,FWD,10,a,,,,,0.0,,,0,0,466,,,436,,,
2026-08-25,1,273,Phillips,GKP,11,a,,,,,0.0,,,0,0,571,,,307,,,
2026-08-25,1,274,Butland,GKP,11,i,Arm injury - Unknown return date,2026-08-08T19:00:05.601633Z,0,0,0.0,,,0,0,498,,,355,,,
2026-08-25,1,275,Cartwright,GKP,11,u,Has joined Grimsby Town on loan for the rest of the season,2026-07-29T13:00:27.959925Z,0,0,0.0,,,0,0,572,,,328,,,
2026-08-25,1,276,Lo-Tutala,GKP,11,u,Has joined Colchester United on loan for the rest of the season,2026-08-17T13:50:27.125537Z,0,0,0.0,,,0,0,573,,,321,,,
2026-08-25,1,277,Egan,DEF,11,a,,,,,8.0,,,8,8,574,,,86,,,
2026-08-25,1,278,Hughes,DEF,11,i,Groin injury - Unknown return date,2026-08-02T09:00:11.030017Z,0,0,0.0,,,0,0,575,,,331,,,
2026-08-25,1,279,Ajayi,DEF,11,d,Hamstring injury - 75% chance of playing,2026-08-22T17:30:07.668197Z,,75,14.0,,,14,14,576,,,32,,,
2026-08-25,1,280,Coyle,DEF,11,d,Ankle injury - 75% chance of playing,2026-08-22T17:30:07.685683Z,,75,6.0,,,6,6,577,,,196,,,
2026-08-25,1,281,Drameh,DEF,11,a,,2026-08-08T19:00:05.613036Z,100,100,1.0,,,1,1,578,,,273,,,
2026-08-25,1,282,Giles,DEF,11,a,,,,,6.0,,,6,6,579,,,110,,,
2026-08-25,1,283,Jacob,DEF,11,i,Hip injury - Expected back 5 Sep,2026-08-02T09:00:11.038361Z,0,0,0.0,,,0,0,580,,,322,,,
2026-08-25,1,284,McCarthy,DEF,11,a,,,,,0.0,,,0,0,581,,,351,,,
2026-08-25,1,285,McNair,DEF,11,a,,,,,1.0,,,1,1,582,,,261,,,
2026-08-25,1,286,Belloumi,MID,11,a,,,,,3.0,,,3,3,353,,,179,,,
2026-08-25,1,287,Millar,MID,11,a,,,,,0.0,,,0,0,354,,,265,,,
2026-08-25,1,288,Dowell,MID,11,a,,,,,0.0,,,0,0,499,,,365,,,
2026-08-25,1,289,Crooks,MID,11,a,,,,,2.0,,,2,2,500,,,169,,,
2026-08-25,1,290,Slater,MID,11,a,,,,,6.0,,,6,6,501,,,106,,,
2026-08-25,1,291,Matazo,MID,11,i,Knee injury - Unknown return date,2026-07-23T12:01:23.532635Z,0,0,0.0,,,0,0,502,,,390,,,
2026-08-25,1,292,Ömür,MID,11,a,,,,,0.0,,,0,0,355,,,465,,,
2026-08-25,1,293,Kamara,MID,11,u,Has joined Portsmouth permanently,2026-08-12T14:08:23.542043Z,0,0,0.0,,,0,0,356,,,509,,,
2026-08-25,1,294,Zambrano,MID,11,i,Thigh injury - Unknown return date,2026-08-04T18:30:11.016909Z,0,0,0.0,,,0,0,503,,,415,,,
2026-08-25,1,295,McBurnie,FWD,11,a,,,,,5.0,,,5,5,210,,,21,,,
2026-08-25,1,296,Akintola,MID,11,a,,,,,0.0,,,0,0,357,,,467,,,
2026-08-25,1,297,Gyabi,MID,11,i,Thigh injury - Unknown return date,2026-08-04T18:30:11.027155Z,0,0,0.0,,,0,0,504,,,391,,,
2026-08-25,1,298,Destan,FWD,11,u,Has joined Konyaspor permanently,2026-08-17T13:50:27.145733Z,0,0,0.0,,,0,0,505,,,402,,,
2026-08-25,1,299,Burstow,FWD,11,u,Has joined Sheffield Wednesday on loan for the rest of the season,2026-08-03T14:05:20.234842Z,0,0,0.0,,,0,0,506,,,409,,,
2026-08-25,1,300,Walton,GKP,12,a,,,,,0.0,,,0,0,507,,,357,,,
2026-08-25,1,301,Palmer,GKP,12,a,,,,,0.0,,,0,0,583,,,304,,,
2026-08-25,1,302,Button,GKP,12,a,,,,,0.0,,,0,0,584,,,299,,,
2026-08-25,1,303,Kipré,DEF,12,a,,,,,0.0,,,0,0,585,,,311,,,
2026-08-25,1,304,O'Shea,DEF,12,a,,,,,4.0,,,4,4,586,,,34,,,
2026-08-25,1,305,Davis,DEF,12,a,,,,,2.0,,,2,2,587,,,190,,,
2026-08-25,1,306,Greaves,DEF,12,a,,,,,2.0,,,2,2,588,,,189,,,
2026-08-25,1,307,Johnson,DEF,12,a,,,,,0.0,,,0,0,589,,,316,,,
2026-08-25,1,308,Furlong,DEF,12,a,,,,,0.0,,,0,0,590,,,310,,,
2026-08-25,1,309,Núñez,MID,12,a,,,,,4.0,,,4,4,358,,,155,,,
2026-08-25,1,310,Matusiwa,MID,12,i,Muscular injury - Unknown return date,2026-07-29T18:00:10.305484Z,0,0,0.0,,,0,0,359,,,480,,,
2026-08-25,1,311,Burns,MID,12,u,Has joined Leicester City permanently,2026-08-10T14:02:47.597478Z,0,0,0.0,,,0,0,360,,,453,,,
2026-08-25,1,312,Taylor,MID,12,i,Knee injury - Unknown return date,2026-07-29T18:00:10.319370Z,0,0,0.0,,,0,0,508,,,379,,,
2026-08-25,1,313,Clarke,MID,12,a,,,,,7.0,,,7,7,211,,,72,,,
2026-08-25,1,314,Ogbene,MID,12,a,,,,,0.0,,,0,0,361,,,475,,,
2026-08-25,1,315,Fatawu,MID,12,a,,,,,2.0,,,2,2,212,,,64,,,
2026-08-25,1,316,Emersonn,FWD,12,a,,,,,9.0,,,9,9,213,,,10,,,
2026-08-25,1,317,Hirst,FWD,12,u,Has joined Stoke City permanently,2026-08-21T13:06:08.606019Z,0,0,0.0,,,0,0,362,,,473,,,
2026-08-25,1,318,Philogene,MID,12,i,Ankle injury - Unknown return date,2026-08-25T11:30:07.532993Z,,0,0.0,,,0,0,217,,,568,,,
2026-08-25,1,319,Szmodics,MID,12,u,Has joined Derby County on loan for the rest of the season,2026-08-17T13:51:41.713979Z,0,0,0.0,,,0,0,363,,,459,,,
2026-08-25,1,320,Akpom,FWD,12,a,,,,,1.0,,,1,1,364,,,276,,,
2026-08-25,1,321,Walle Egeli,FWD,12,a,,,,,1.0,,,1,1,509,,,418,,,
2026-08-25,1,322,Al-Hamadi,FWD,12,a,,,,,0.0,,,0,0,365,,,498,,,
2026-08-25,1,323,McAteer,MID,12,a,,,,,1.0,,,1,1,510,,,274,,,
2026-08-25,1,324,Mehmeti,MID,12,a,,,,,0.0,,,0,0,366,,,478,,,
2026-08-25,1,325,Darlow,GKP,16,a,,2026-07-23T12:01:23.549136Z,75,100,0.0,,,0,0,423,,,352,,,
2026-08-25,1,326,Perri,GKP,13,a,,,,,0.0,,,0,0,436,,,370,,,
2026-08-25,1,327,Bijol,DEF,13,a,,,,,10.0,,,10,10,246,,,104,,,
2026-08-25,1,328,Struijk,DEF,5,a,,2026-08-15T20:30:07.523574Z,100,100,0.0,,,0,0,243,,,474,,,
2026-08-25,1,329,Rodon,DEF,13,a,,,,,6.0,,,6,6,408,,,118,,,
2026-08-25,1,330,Bogle,DEF,13,a,,,,,6.0,,,6,6,413,,,243,,,
2026-08-25,1,331,Gudmundsson,DEF,13,i,Hamstring injury - Unknown return date,2026-08-08T20:00:07.546568Z,0,0,0.0,,,0,0,424,,,383,,,
2026-08-25,1,332,Justin,DEF,13,a,,,,,10.0,,,10,10,416,,,134,,,
2026-08-25,1,333,Bornauw,DEF,13,u,Has joined Hamburg SV on loan for the rest of the season,2026-08-19T13:56:14.645970Z,0,0,0.0,,,0,0,447,,,388,,,
2026-08-25,1,334,Muharemović,DEF,13,a,,,,,6.0,,,6,6,367,,,123,,,
2026-08-25,1,335,Stach,MID,13,a,,,,,13.0,,,13,13,68,,,47,,,
2026-08-25,1,336,Okafor,MID,13,a,,,,,1.0,,,1,1,78,,,141,,,
2026-08-25,1,337,Aaronson,MID,13,a,,,,,3.0,,,3,3,121,,,203,,,
2026-08-25,1,338,Ampadu,MID,13,a,,,,,5.0,,,5,5,118,,,97,,,
2026-08-25,1,339,Longstaff,MID,13,a,,,,,1.0,,,1,1,280,,,461,,,
2026-08-25,1,340,Gelhardt,MID,11,i,Ankle injury - Expected back 5 Sep,2026-08-17T21:30:07.799839Z,0,0,0.0,,,0,0,368,,,499,,,
2026-08-25,1,341,Gnonto,MID,13,i,Hamstring injury - Unknown return date,2026-08-17T20:30:08.092366Z,0,0,0.0,,,0,0,303,,,513,,,
2026-08-25,1,342,Harrison,MID,13,u,Has joined New England Revolution permanently,2026-07-28T12:59:09.492431Z,0,0,0.0,,,0,0,317,,,470,,,
2026-08-25,1,343,James,MID,13,a,,,,,0.0,,,0,0,305,,,463,,,
2026-08-25,1,344,Gruev,MID,13,i,Knee injury - Unknown return date,2026-08-14T23:00:06.272027Z,0,0,0.0,,,0,0,281,,,504,,,
2026-08-25,1,345,Tanaka,MID,13,a,,,,,0.0,,,0,0,270,,,483,,,
2026-08-25,1,346,Calvert-Lewin,FWD,13,a,,,,,1.0,,,1,1,65,,,249,,,
2026-08-25,1,347,Nmecha,FWD,13,a,,,,,0.0,,,0,0,156,,,544,,,
2026-08-25,1,348,Piroe,FWD,13,u,Has joined West Ham United on loan for the rest of the season,2026-08-19T13:56:14.666726Z,0,0,0.0,,,0,0,309,,,479,,,
2026-08-25,1,349,Mateo Joseph,FWD,13,i,Knee injury - Unknown return date,2026-07-29T18:00:10.338170Z,0,0,0.0,,,0,0,511,,,419,,,
2026-08-25,1,350,A.Becker,GKP,14,a,,,,,2.0,,,2,2,140,,,193,,,
2026-08-25,1,351,Mamardashvili,GKP,14,a,,,,,0.0,,,0,0,300,,,493,,,
2026-08-25,1,352,Woodman,GKP,14,a,,,,,0.0,,,0,0,543,,,306,,,
2026-08-25,1,353,Pecsi,GKP,14,u,Has joined TSV Hartberg on loan for the rest of the season,2026-08-18T14:11:18.638344Z,0,0,0.0,,,0,0,591,,,345,,,
2026-08-25,1,354,Jaros,GKP,14,i,Knee injury - Unknown return date,2026-07-29T18:00:10.351066Z,0,0,0.0,,,0,0,592,,,318,,,
2026-08-25,1,355,Davies,GKP,14,a,,,,,0.0,,,0,0,593,,,323,,,
2026-08-25,1,356,Virgil,DEF,14,a,,,,,2.0,,,2,2,32,,,73,,,
2026-08-25,1,357,Frimpong,DEF,14,a,,,,,0.0,,,0,0,163,,,53,,,
2026-08-25,1,358,Kerkez,DEF,14,a,,,,,0.0,,,0,0,145,,,93,,,
2026-08-25,1,359,Gomez,DEF,14,i,Muscular injury - Unknown return date,2026-07-26T08:30:10.078473Z,0,0,0.0,,,0,0,302,,,458,,,
2026-08-25,1,360,Bradley,DEF,14,i,Knee injury - Unknown return date,2026-07-23T12:01:23.565711Z,0,0,0.0,,,0,0,291,,,512,,,
2026-08-25,1,361,Lucky,DEF,14,a,,,,,0.0,,,0,0,594,,,333,,,
2026-08-25,1,362,Jacquet,DEF,14,a,,2026-07-23T12:01:23.581126Z,100,100,1.0,,,1,1,369,,,156,,,
2026-08-25,1,363,Leoni,DEF,14,i,Knee injury - Unknown return date,2026-07-23T12:01:23.596909Z,0,0,0.0,,,0,0,595,,,350,,,
2026-08-25,1,364,Tsimikas,DEF,14,a,,,,,0.0,,,0,0,370,,,468,,,
2026-08-25,1,365,Ramsay,DEF,14,a,,,,,0.0,,,0,0,596,,,327,,,
2026-08-25,1,366,Wirtz,MID,14,a,,,,,2.0,,,2,2,18,,,59,,,
2026-08-25,1,367,Gakpo,MID,14,a,,,,,12.0,,,12,12,26,,,9,,,
2026-08-25,1,368,Szoboszlai,MID,14,a,,,,,8.0,,,8,8,23,,,7,,,
2026-08-25,1,369,Ngumoha,MID,14,a,,,,,2.0,,,2,2,99,,,226,,,
2026-08-25,1,370,Chiesa,MID,14,a,,,,,0.0,,,0,0,180,,,555,,,
2026-08-25,1,371,Gravenberch,MID,14,a,,,,,5.0,,,5,5,64,,,94,,,
2026-08-25,1,372,Mac Allister,MID,14,a,,,,,1.0,,,1,1,133,,,246,,,
2026-08-25,1,373,C.Jones,MID,14,d,Hip injury - 75% chance of playing,2026-08-16T18:30:07.426408Z,75,75,0.0,,,0,0,149,,,551,,,
2026-08-25,1,374,Endo,MID,14,a,,2026-07-23T12:01:23.612529Z,100,100,0.0,,,0,0,318,,,457,,,
2026-08-25,1,375,Nyoni,MID,14,a,,,,,0.0,,,0,0,324,,,534,,,
2026-08-25,1,376,Bajcetic,MID,14,i,Hamstring injury - Unknown return date,2026-07-23T12:01:23.628373Z,0,0,0.0,,,0,0,371,,,522,,,
2026-08-25,1,377,Munoz,MID,14,a,,,,,4.0,,,4,4,53,,,146,,,
2026-08-25,1,378,McConnell,MID,14,a,,,,,0.0,,,0,0,512,,,396,,,
2026-08-25,1,379,Isak,FWD,14,a,,,,,2.0,,,2,2,5,,,19,,,
2026-08-25,1,380,Ekitiké,FWD,14,i,Achilles injury - Unknown return date,2026-07-23T12:01:23.643771Z,0,0,0.0,,,0,0,19,,,610,,,
2026-08-25,1,381,Koumas,MID,14,a,,,,,1.0,,,1,1,372,,,236,,,
2026-08-25,1,382,Danns,FWD,14,i,Unspecified injury - Unknown return date,2026-07-23T12:01:23.659279Z,0,0,0.0,,,0,0,513,,,400,,,
2026-08-25,1,383,Elliott,MID,14,a,,,,,0.0,,,0,0,200,,,560,,,
2026-08-25,1,384,Donnarumma,GKP,15,a,,,,,3.0,,,3,3,117,,,145,,,
2026-08-25,1,385,Trafford,GKP,13,a,,,,,9.0,,,9,9,314,,,185,,,
2026-08-25,1,386,Bettinelli,GKP,15,a,,,,,0.0,,,0,0,514,,,361,,,
2026-08-25,1,387,O'Reilly,DEF,15,a,,,,,2.0,,,2,2,34,,,79,,,
2026-08-25,1,388,Guéhi,DEF,15,a,,,,,10.0,,,10,10,56,,,23,,,
2026-08-25,1,389,Matheus N.,DEF,15,a,,2026-08-16T18:30:07.457097Z,100,100,1.0,,,1,1,62,,,238,,,
2026-08-25,1,390,Rúben,DEF,15,a,,,,,2.0,,,2,2,128,,,92,,,
2026-08-25,1,391,Gvardiol,DEF,15,a,,,,,9.0,,,9,9,152,,,33,,,
2026-08-25,1,392,Aït-Nouri,DEF,15,a,,,,,0.0,,,0,0,165,,,561,,,
2026-08-25,1,393,Khusanov,DEF,15,a,,,,,2.0,,,2,2,160,,,180,,,
2026-08-25,1,394,Alleyne,DEF,15,u,Has joined Burnley on loan for the rest of the season,2026-08-18T14:11:56.324656Z,0,0,0.0,,,0,0,326,,,514,,,
2026-08-25,1,395,Lewis,DEF,15,a,,,,,1.0,,,1,1,452,,,83,,,
2026-08-25,1,396,Vitor Reis,DEF,15,a,,,,,0.0,,,0,0,515,,,433,,,
2026-08-25,1,397,Semenyo,MID,15,a,,,,,2.0,,,2,2,6,,,88,,,
2026-08-25,1,398,Foden,MID,15,a,,,,,1.0,,,1,1,27,,,37,,,
2026-08-25,1,399,Cherki,MID,15,a,,,,,8.0,,,8,8,16,,,18,,,
2026-08-25,1,400,Doku,MID,15,i,Calf injury - Expected back 5 Sep,2026-08-18T17:00:08.385597Z,0,0,0.0,,,0,0,20,,,609,,,
2026-08-25,1,401,Marmoush,FWD,15,a,,,,,0.0,,,0,0,29,,,607,,,
2026-08-25,1,402,Rodrigo,MID,15,u,Has joined Barcelona permanently,2026-07-23T12:01:23.675537Z,0,0,0.0,,,0,0,46,,,598,,,
2026-08-25,1,403,Savinho,MID,19,a,,,,,0.0,,,0,0,50,,,604,,,
2026-08-25,1,404,Reijnders,MID,15,u,Has joined Al Qadsiah permanently,2026-08-20T14:02:58.154273Z,0,0,0.0,,,0,0,83,,,585,,,
2026-08-25,1,405,N.Gonzalez,MID,15,a,,,,,0.0,,,0,0,164,,,565,,,
2026-08-25,1,406,Kovačić,MID,15,a,,,,,1.0,,,1,1,197,,,268,,,
2026-08-25,1,407,Echeverri,MID,15,a,,,,,0.0,,,0,0,373,,,533,,,
2026-08-25,1,408,Phillips,MID,15,u,Has joined Sheffield United on loan for the rest of the season,2026-08-18T14:11:56.348781Z,0,0,0.0,,,0,0,374,,,455,,,
2026-08-25,1,409,Mukasa,MID,15,a,,,,,0.0,,,0,0,472,,,426,,,
2026-08-25,1,410,Monga,MID,15,a,,,,,0.0,,,0,0,375,,,538,,,
2026-08-25,1,411,Haaland,FWD,15,a,,,,,2.0,,,2,2,1,,,55,,,
2026-08-25,1,412,Lammens,GKP,16,a,,,,,1.0,,,1,1,242,,,178,,,
2026-08-25,1,413,Bayindir,GKP,16,u,Has joined Celta Vigo on loan for the rest of the season,2026-08-10T14:02:28.608415Z,0,0,0.0,,,0,0,458,,,389,,,
2026-08-25,1,414,Heaton,GKP,16,i,Hamstring injury - Unknown return date,2026-08-15T16:00:07.854151Z,0,0,0.0,,,0,0,597,,,296,,,
2026-08-25,1,415,Dorgu,MID,16,a,,,,,0.0,,,0,0,82,,,250,,,
2026-08-25,1,416,De Ligt,DEF,16,i,Back injury - Unknown return date,2026-07-23T12:01:23.690880Z,0,0,0.0,,,0,0,290,,,466,,,
2026-08-25,1,417,Dalot,DEF,16,a,,,,,1.0,,,1,1,241,,,183,,,
2026-08-25,1,418,Maguire,DEF,16,a,,,,,1.0,,,1,1,254,,,40,,,
2026-08-25,1,419,Martinez,DEF,16,a,,2026-07-24T20:00:10.337107Z,100,100,0.0,,,0,0,284,,,472,,,
2026-08-25,1,420,Yoro,DEF,16,a,,,,,0.0,,,0,0,282,,,528,,,
2026-08-25,1,421,Heaven,DEF,16,a,,,,,1.0,,,1,1,437,,,177,,,
2026-08-25,1,422,Mazraoui,DEF,16,a,,,,,1.0,,,1,1,432,,,61,,,
2026-08-25,1,423,Shaw,DEF,16,a,,,,,1.0,,,1,1,406,,,20,,,
2026-08-25,1,424,Amass,DEF,16,a,,,,,0.0,,,0,0,600,,,343,,,
2026-08-25,1,425,Fredricson,DEF,16,u,Has joined Lausanne-Sport permanently,2026-08-18T14:12:31.904433Z,0,0,0.0,,,0,0,549,,,336,,,
2026-08-25,1,426,B.Fernandes,MID,16,a,,,,,2.0,,,2,2,2,,,17,,,
2026-08-25,1,427,Mbeumo,MID,16,a,,,,,2.0,,,2,2,11,,,25,,,
2026-08-25,1,428,Cunha,MID,16,a,,,,,2.0,,,2,2,12,,,46,,,
2026-08-25,1,429,Rashford,MID,16,a,,,,,1.0,,,1,1,30,,,49,,,
2026-08-25,1,430,Mount,MID,16,d,Foot injury - 75% chance of playing,2026-08-15T16:00:07.879135Z,50,75,0.0,,,0,0,166,,,548,,,
2026-08-25,1,431,Amad,MID,16,d,Unspecified injury - 75% chance of playing,2026-08-22T11:00:08.617283Z,,75,0.0,,,0,0,86,,,591,,,
2026-08-25,1,432,Mainoo,MID,16,a,,,,,1.0,,,1,1,157,,,247,,,
2026-08-25,1,433,Ugarte,MID,16,i,Knee injury - Unknown return date,2026-07-23T12:01:23.706702Z,0,0,0.0,,,0,0,295,,,477,,,
2026-08-25,1,434,J.Fletcher,MID,16,a,,,,,0.0,,,0,0,330,,,526,,,
2026-08-25,1,435,Lacey,MID,16,a,,,,,1.0,,,1,1,331,,,289,,,
2026-08-25,1,436,Collyer,MID,16,a,,,,,0.0,,,0,0,376,,,510,,,
2026-08-25,1,437,Bendito Mantato,MID,16,a,,,,,0.0,,,0,0,482,,,424,,,
2026-08-25,1,438,Fletcher,MID,16,a,,,,,0.0,,,0,0,473,,,407,,,
2026-08-25,1,439,Šeško,FWD,16,a,,2026-07-23T12:01:23.722029Z,75,100,1.0,,,1,1,28,,,239,,,
2026-08-25,1,440,Zirkzee,FWD,16,a,,,,,0.0,,,0,0,178,,,562,,,
2026-08-25,1,441,Obi,FWD,16,a,,,,,0.0,,,0,0,517,,,429,,,
2026-08-25,1,442,Pope,GKP,17,a,,,,,0.0,,,0,0,249,,,444,,,
2026-08-25,1,443,Gillespie,GKP,17,a,,,,,0.0,,,0,0,519,,,353,,,
2026-08-25,1,444,Jaouen,GKP,17,a,,,,,0.0,,,0,0,522,,,416,,,
2026-08-25,1,445,Thiaw,DEF,17,a,,,,,3.0,,,3,3,232,,,108,,,
2026-08-25,1,446,Schär,DEF,17,a,,2026-08-15T16:30:07.209742Z,100,100,1.0,,,1,1,285,,,450,,,
2026-08-25,1,447,Botman,DEF,17,a,,,,,3.0,,,3,3,255,,,121,,,
2026-08-25,1,448,Burn,DEF,17,i,Ankle injury - Expected back 14 Sep,2026-08-23T18:00:08.367241Z,,0,0.0,,,0,0,251,,,443,,,
2026-08-25,1,449,Hall,DEF,17,a,,,,,3.0,,,3,3,258,,,113,,,
2026-08-25,1,450,Livramento,DEF,17,i,Calf injury - Unknown return date,2026-07-23T12:01:23.753221Z,0,0,0.0,,,0,0,277,,,489,,,
2026-08-25,1,451,A.Murphy,DEF,17,u,Has joined FC Kaiserslautern on loan for the rest of the season,2026-08-12T14:05:29.224600Z,0,0,0.0,,,0,0,548,,,335,,,
2026-08-25,1,452,Bruno G.,MID,1,d,Thigh injury - 75% chance of playing,2026-08-20T17:00:08.846118Z,75,75,0.0,,,0,0,25,,,606,,,
2026-08-25,1,453,Barnes,MID,17,a,,,,,2.0,,,2,2,80,,,202,,,
2026-08-25,1,454,Elanga,MID,17,a,,,,,9.0,,,9,9,98,,,45,,,
2026-08-25,1,455,Tonali,MID,19,a,,,,,2.0,,,2,2,150,,,172,,,
2026-08-25,1,456,J.Ramsey,MID,17,a,,,,,0.0,,,0,0,273,,,224,,,
2026-08-25,1,457,J.Murphy,MID,17,a,,,,,0.0,,,0,0,88,,,293,,,
2026-08-25,1,458,Joelinton,MID,17,i,Unspecified injury - Unknown return date,2026-08-16T08:00:08.074045Z,0,0,0.0,,,0,0,158,,,547,,,
2026-08-25,1,459,L.Miley,MID,17,a,,2026-07-23T12:01:23.785456Z,100,100,3.0,,,3,3,159,,,103,,,
2026-08-25,1,460,Willock,MID,17,a,,,,,6.0,,,6,6,296,,,52,,,
2026-08-25,1,461,Touré,MID,17,a,,,,,0.0,,,0,0,109,,,596,,,
2026-08-25,1,462,Steur,MID,17,a,,,,,1.0,,,1,1,380,,,283,,,
2026-08-25,1,463,Woltemade,FWD,17,a,,,,,0.0,,,0,0,79,,,589,,,
2026-08-25,1,464,Wissa,FWD,17,a,,,,,4.0,,,4,4,103,,,48,,,
2026-08-25,1,465,Osula,FWD,17,a,,,,,4.0,,,4,4,91,,,78,,,
2026-08-25,1,466,Neave,FWD,17,a,,,,,0.0,,,0,0,483,,,431,,,
2026-08-25,1,467,Sels,GKP,18,a,,,,,2.0,,,2,2,244,,,217,,,
2026-08-25,1,468,John,GKP,18,a,,,,,0.0,,,0,0,459,,,375,,,
2026-08-25,1,469,N.Williams,DEF,18,a,,,,,2.0,,,2,2,231,,,144,,,
2026-08-25,1,470,Morato,DEF,18,a,,,,,0.0,,,0,0,283,,,503,,,
2026-08-25,1,471,Milenković,DEF,18,a,,,,,2.0,,,2,2,123,,,166,,,
2026-08-25,1,472,Murillo,DEF,18,a,,2026-07-23T12:01:23.801183Z,100,100,4.0,,,4,4,146,,,57,,,
2026-08-25,1,473,Aina,DEF,18,a,,,,,5.0,,,5,5,425,,,50,,,
2026-08-25,1,474,Jair Cunha,DEF,18,a,,,,,1.0,,,1,1,457,,,164,,,
2026-08-25,1,475,Savona,DEF,18,i,Knee injury - Unknown return date,2026-07-23T12:01:23.816304Z,0,0,0.0,,,0,0,441,,,401,,,
2026-08-25,1,476,O.Richards,DEF,18,a,,,,,0.0,,,0,0,601,,,313,,,
2026-08-25,1,477,Abbott,DEF,18,a,,,,,0.0,,,0,0,546,,,338,,,
2026-08-25,1,478,Netz,DEF,18,a,,,,,1.0,,,1,1,460,,,288,,,
2026-08-25,1,479,Bindon,DEF,18,a,,,,,0.0,,,0,0,602,,,334,,,
2026-08-25,1,480,Gibbs-White,MID,18,d,Knee injury - 75% chance of playing,2026-08-24T15:30:08.350159Z,,75,2.0,,,2,2,8,,,160,,,
2026-08-25,1,481,Anderson,MID,15,d,Knock - 75% chance of playing,2026-08-23T17:00:07.952697Z,,75,2.0,,,2,2,31,,,142,,,
2026-08-25,1,482,Hudson-Odoi,MID,18,a,,2026-07-23T12:01:23.832709Z,100,100,0.0,,,0,0,87,,,584,,,
2026-08-25,1,483,Ndoye,MID,18,a,,,,,3.0,,,3,3,168,,,269,,,
2026-08-25,1,484,Hutchinson,MID,18,a,,,,,0.0,,,0,0,148,,,572,,,
2026-08-25,1,485,Bakwa,MID,18,a,,,,,0.0,,,0,0,186,,,567,,,
2026-08-25,1,486,McAtee,MID,18,a,,,,,3.0,,,3,3,191,,,67,,,
2026-08-25,1,487,Dominguez,MID,18,a,,,,,0.0,,,0,0,286,,,484,,,
2026-08-25,1,488,I.Sangaré,MID,18,a,,,,,2.0,,,2,2,256,,,119,,,
2026-08-25,1,489,Yates,MID,18,i,Unspecified injury - Unknown return date,2026-08-17T20:30:08.195072Z,0,0,0.0,,,0,0,444,,,371,,,
2026-08-25,1,490,Wood,FWD,18,a,,,,,1.0,,,1,1,101,,,271,,,
2026-08-25,1,491,Igor Jesus,FWD,18,a,,,,,2.0,,,2,2,77,,,96,,,
2026-08-25,1,492,Awoniyi,FWD,7,a,,,,,1.0,,,1,1,176,,,291,,,
2026-08-25,1,493,Kalimuendo,FWD,18,a,,,,,1.0,,,1,1,198,,,564,,,
2026-08-25,1,494,Vicario,GKP,19,u,Has joined Juventus on loan for the rest of the season,2026-08-19T13:55:33.193962Z,0,0,0.0,,,0,0,417,,,367,,,
2026-08-25,1,495,Austin,GKP,19,a,,,,,0.0,,,0,0,603,,,314,,,
2026-08-25,1,496,Kinsky,GKP,19,a,,,,,2.0,,,2,2,450,,,90,,,
2026-08-25,1,497,Dubravka,GKP,19,a,,,,,0.0,,,0,0,539,,,300,,,
2026-08-25,1,498,Senesi,DEF,19,a,,,,,3.0,,,3,3,57,,,105,,,
2026-08-25,1,499,Pedro Porro,DEF,19,d,Lack of match fitness - 75% chance of playing,2026-08-21T15:22:48.149081Z,0,75,0.0,,,0,0,124,,,559,,,
2026-08-25,1,500,Romero,DEF,19,u,Has joined Atletico Madrid permanently,2026-08-17T13:49:05.465401Z,0,0,0.0,,,0,0,253,,,471,,,
2026-08-25,1,501,Danso,DEF,19,a,,,,,0.0,,,0,0,272,,,452,,,
2026-08-25,1,502,Robertson,DEF,19,a,,,,,3.0,,,3,3,430,,,69,,,
2026-08-25,1,503,Van de Ven,DEF,19,d,Unspecified injury - 50% chance of playing,2026-08-21T15:00:07.610517Z,0,50,0.0,,,0,0,237,,,511,,,
2026-08-25,1,504,Vuskovic,DEF,5,a,,,,,6.0,,,6,6,382,,,137,,,
2026-08-25,1,505,Spence,DEF,19,u,Has joined Internazionale permanently,2026-08-18T14:13:08.454214Z,0,0,0.0,,,0,0,420,,,380,,,
2026-08-25,1,506,Udogie,DEF,19,a,,,,,1.0,,,1,1,446,,,393,,,
2026-08-25,1,507,Phillips,DEF,19,u,Has joined Middlesbrough permanently,2026-08-18T14:13:08.474144Z,0,0,0.0,,,0,0,523,,,411,,,
2026-08-25,1,508,Davies,DEF,19,a,,,,,0.0,,,0,0,542,,,305,,,
2026-08-25,1,509,Byfield,DEF,19,a,,,,,0.0,,,0,0,550,,,348,,,
2026-08-25,1,510,Rowswell,DEF,19,a,,,,,0.0,,,0,0,551,,,330,,,
2026-08-25,1,511,Souza,DEF,19,a,,,,,0.0,,,0,0,547,,,347,,,
2026-08-25,1,512,Kudus,MID,19,d,Thigh injury - 50% chance of playing,2026-07-23T12:01:23.848657Z,25,50,0.0,,,0,0,43,,,603,,,
2026-08-25,1,513,Xavi,MID,19,i,Knee injury - Unknown return date,2026-07-23T12:01:23.864304Z,0,0,0.0,,,0,0,89,,,592,,,
2026-08-25,1,514,Tel,MID,19,a,,,,,2.0,,,2,2,90,,,89,,,
2026-08-25,1,515,Maddison,MID,19,a,,,,,1.0,,,1,1,51,,,174,,,
2026-08-25,1,516,Bentancur,MID,19,a,,,,,1.0,,,1,1,143,,,199,,,
2026-08-25,1,517,Odobert,MID,19,i,Knee injury - Unknown return date,2026-07-23T12:01:23.879434Z,0,0,0.0,,,0,0,171,,,575,,,
2026-08-25,1,518,P.M.Sarr,MID,19,i,Hamstring injury - Unknown return date,2026-08-21T14:30:08.419690Z,0,0,0.0,,,0,0,264,,,502,,,
2026-08-25,1,519,Gallagher,MID,19,a,,,,,0.0,,,0,0,175,,,259,,,
2026-08-25,1,520,Bergvall,MID,19,a,,,,,1.0,,,1,1,170,,,577,,,
2026-08-25,1,521,Kulusevski,MID,19,i,Knee injury - Unknown return date,2026-07-23T12:01:23.895175Z,0,0,0.0,,,0,0,54,,,601,,,
2026-08-25,1,522,Gray,MID,19,a,,,,,2.0,,,2,2,275,,,235,,,
2026-08-25,1,523,Moore,MID,19,a,,,,,2.0,,,2,2,384,,,35,,,
2026-08-25,1,524,Olusesi,MID,19,a,,,,,0.0,,,0,0,484,,,399,,,
2026-08-25,1,525,Fernandes,MID,19,a,,,,,1.0,,,1,1,70,,,114,,,
2026-08-25,1,526,Solanke,FWD,19,a,,,,,1.0,,,1,1,102,,,260,,,
2026-08-25,1,527,Richarlison,FWD,19,a,,,,,2.0,,,2,2,74,,,286,,,
2026-08-25,1,528,Scarlett,FWD,19,a,,,,,0.0,,,0,0,474,,,394,,,
2026-08-25,1,529,Roefs,GKP,20,a,,,,,1.0,,,1,1,227,,,209,,,
2026-08-25,1,530,Patterson,GKP,20,u,Has joined Wrexham permanently,2026-08-12T14:08:03.064533Z,0,0,0.0,,,0,0,604,,,317,,,
2026-08-25,1,531,Ellborg,GKP,20,a,,,,,0.0,,,0,0,454,,,405,,,
2026-08-25,1,532,Ballard,DEF,20,a,,,,,0.0,,,0,0,238,,,184,,,
2026-08-25,1,533,Mukiele,DEF,20,a,,2026-08-09T08:30:05.954750Z,100,100,0.0,,,0,0,113,,,550,,,
2026-08-25,1,534,Hume,DEF,20,a,,,,,2.0,,,2,2,407,,,51,,,
2026-08-25,1,535,Alderete,DEF,20,a,,2026-08-09T08:30:05.962393Z,100,100,1.0,,,1,1,233,,,464,,,
2026-08-25,1,536,Reinildo,DEF,20,a,,,,,1.0,,,1,1,422,,,62,,,
2026-08-25,1,537,Seelt,DEF,20,a,,,,,0.0,,,0,0,475,,,406,,,
2026-08-25,1,538,Hjelde,DEF,20,u,Has joined KV Mechelen on loan for the rest of the season,2026-08-12T14:08:03.081789Z,0,0,0.0,,,0,0,612,,,325,,,
2026-08-25,1,539,O'Nien,DEF,20,a,,,,,1.0,,,1,1,541,,,195,,,
2026-08-25,1,540,Masuaku,DEF,20,u,Has joined Konyaspor permanently,2026-08-12T14:08:03.097784Z,0,0,0.0,,,0,0,552,,,303,,,
2026-08-25,1,541,Meunier,DEF,20,a,,2026-08-16T08:30:07.830062Z,100,100,1.0,,,1,1,524,,,131,,,
2026-08-25,1,542,E.Le Fée,MID,20,a,,,,,2.0,,,2,2,63,,,211,,,
2026-08-25,1,543,Diarra,MID,20,a,,,,,1.0,,,1,1,161,,,279,,,
2026-08-25,1,544,Xhaka,MID,20,a,,,,,9.0,,,9,9,122,,,76,,,
2026-08-25,1,545,Sadiki,MID,20,a,,,,,2.0,,,2,2,257,,,42,,,
2026-08-25,1,546,Adingra,MID,20,i,Ankle injury - Unknown return date,2026-08-20T14:00:08.416985Z,0,0,0.0,,,0,0,301,,,521,,,
2026-08-25,1,547,Mundle,MID,20,a,,,,,0.0,,,0,0,310,,,497,,,
2026-08-25,1,548,Rigg,MID,20,a,,,,,1.0,,,1,1,299,,,531,,,
2026-08-25,1,549,Talbi,MID,20,a,,,,,1.0,,,1,1,147,,,574,,,
2026-08-25,1,550,Jocelin.T,MID,20,a,,,,,0.0,,,0,0,335,,,541,,,
2026-08-25,1,551,Angulo,MID,20,a,,,,,5.0,,,5,5,315,,,71,,,
2026-08-25,1,552,Brobbey,FWD,20,a,,,,,2.0,,,2,2,84,,,233,,,
2026-08-25,1,553,Isidor,FWD,20,a,,,,,1.0,,,1,1,155,,,557,,,
2026-08-25,1,554,Tzolis,MID,1,a,,,,,6.0,,,6,6,55,,,24,,,
2026-08-25,1,555,Silva,DEF,3,a,,,,,2.0,,,2,2,383,,,126,,,
2026-08-25,1,556,M.Sangaré,MID,4,a,,,,,14.0,,,14,14,215,,,39,,,
2026-08-25,1,557,Penders,GKP,6,a,,,,,0.0,,,0,0,521,,,413,,,
2026-08-25,1,558,Anselmino,DEF,6,d,Hamstring injury - 25% chance of playing,2026-08-23T19:00:08.536705Z,,25,0.0,,,0,0,520,,,434,,,
2026-08-25,1,559,Matthews,GKP,8,a,,,,,0.0,,,0,0,599,,,309,,,
2026-08-25,1,560,Targett,DEF,11,a,,,,,1.0,,,1,1,598,,,308,,,
2026-08-25,1,561,Morita,MID,11,d,Calf injury - 75% chance of playing,2026-08-15T16:00:07.961518Z,50,75,0.0,,,0,0,381,,,492,,,
2026-08-25,1,562,Van Oevelen,GKP,12,u,Has joined Valencia on loan for the rest of the season,2026-08-25T14:04:09.529320Z,,0,0.0,,,0,0,518,,,410,,,
2026-08-25,1,563,Maeda,MID,12,a,,,,,2.0,,,2,2,214,,,173,,,
2026-08-25,1,564,Scherpen,GKP,12,a,,,,,2.0,,,2,2,516,,,214,,,
2026-08-25,1,565,Bamba,MID,17,a,,,,,1.0,,,1,1,379,,,266,,,
2026-08-25,1,566,Horníček,GKP,17,a,,,,,1.0,,,1,1,378,,,100,,,
2026-08-25,1,567,Schlager,MID,18,a,,,,,1.0,,,1,1,377,,,264,,,
2026-08-25,1,568,Barco,MID,6,a,,,,,0.0,,,0,0,218,,,573,,,
2026-08-25,1,569,Gonzalo,FWD,10,a,,,,,6.0,,,6,6,110,,,30,,,
2026-08-25,1,570,Palacios,MID,10,a,,,,,2.0,,,2,2,216,,,194,,,
2026-08-25,1,571,Tzolakis,GKP,11,a,,,,,10.0,,,10,10,525,,,116,,,
2026-08-25,1,572,Florentino,MID,12,d,Calf injury - 75% chance of playing,2026-08-25T11:30:07.678802Z,,75,0.0,,,0,0,385,,,469,,,
2026-08-25,1,573,Sanchez,DEF,3,a,,,,,0.0,,,0,0,530,,,398,,,
2026-08-25,1,574,Yirenkyi,MID,7,a,,,,,1.0,,,1,1,390,,,540,,,
2026-08-25,1,575,Tomiyasu,DEF,8,a,,,,,1.0,,,1,1,529,,,254,,,
2026-08-25,1,576,Hjertø-Dahl,MID,11,a,,,,,0.0,,,0,0,387,,,530,,,
2026-08-25,1,577,Stroud,MID,11,a,,,,,3.0,,,3,3,386,,,225,,,
2026-08-25,1,578,Mudryk,MID,6,a,,,,,0.0,,,0,0,221,,,566,,,
2026-08-25,1,579,Charles,MID,10,a,,,,,1.0,,,1,1,388,,,256,,,
2026-08-25,1,580,Araujo,DEF,14,a,,,,,1.0,,,1,1,220,,,219,,,
2026-08-25,1,581,Diomande,DEF,18,a,,,,,0.0,,,0,0,219,,,576,,,
2026-08-25,1,582,Madjo,FWD,2,i,Unspecified injury - Unknown return date,2026-08-15T16:00:07.974271Z,0,0,0.0,,,0,0,223,,,581,,,
2026-08-25,1,583,Chavarria,DEF,6,a,,,,,1.0,,,1,1,389,,,257,,,
2026-08-25,1,584,Hamer,MID,7,a,,,,,1.0,,,1,1,222,,,290,,,
2026-08-25,1,585,Herrington,DEF,11,a,,,,,1.0,,,1,1,609,,,241,,,
2026-08-25,1,586,Mendy,DEF,11,d,Thigh injury - 75% chance of playing,2026-08-22T17:30:08.045208Z,,75,15.0,,,15,15,605,,,27,,,
2026-08-25,1,587,Rulli,GKP,15,a,,,,,0.0,,,0,0,391,,,447,,,
2026-08-25,1,588,Khalaili,DEF,8,a,,,,,1.0,,,1,1,394,,,63,,,
2026-08-25,1,589,Gourna-Douath,MID,11,a,,,,,0.0,,,0,0,392,,,501,,,
2026-08-25,1,590,Benda,GKP,18,a,,,,,0.0,,,0,0,526,,,386,,,
2026-08-25,1,591,Enciso,MID,12,a,,2026-08-22T18:00:07.551930Z,,100,5.0,,,5,5,224,,,68,,,
2026-08-25,1,592,Ouattara,DEF,12,a,,,,,1.0,,,1,1,607,,,207,,,
2026-08-25,1,593,David,FWD,5,a,,,,,0.0,,,0,0,111,,,593,,,
2026-08-25,1,594,Gozo,MID,8,a,,,,,0.0,,,0,0,393,,,532,,,
2026-08-25,1,595,Dedić,DEF,17,a,,,,,1.0,,,1,1,527,,,161,,,
2026-08-25,1,596,Ruggeri,DEF,2,a,,,,,1.0,,,1,1,531,,,262,,,
2026-08-25,1,597,Suzuki,GKP,2,a,,,,,0.0,,,0,0,396,,,485,,,
2026-08-25,1,598,Cherif,FWD,7,a,,,,,0.0,,,0,0,395,,,537,,,
2026-08-25,1,599,Elvedi,DEF,13,a,,,,,0.0,,,0,0,528,,,366,,,
2026-08-25,1,600,Osman,MID,5,a,,,,,1.0,,,1,1,397,,,157,,,
2026-08-25,1,601,Humphreys,MID,12,a,,,,,0.0,,,0,0,535,,,408,,,
2026-08-25,1,602,Lienou,DEF,13,a,,,,,0.0,,,0,0,608,,,349,,,
2026-08-25,1,603,Cresswell,MID,13,a,,,,,0.0,,,0,0,533,,,427,,,
2026-08-25,1,604,Williams-Barnett,MID,19,a,,,,,0.0,,,0,0,532,,,432,,,
2026-08-25,1,605,Rowe,DEF,2,a,,,,,0.0,,,0,0,610,,,340,,,
2026-08-25,1,606,Lynch,MID,2,a,,,,,0.0,,,0,0,536,,,422,,,
2026-08-25,1,607,Jebbison,FWD,3,a,,,,,1.0,,,1,1,398,,,171,,,
2026-08-25,1,608,Yalcouyé,MID,5,a,,,,,1.0,,,1,1,534,,,275,,,
2026-08-25,1,609,Shahar,DEF,17,a,,,,,0.0,,,0,0,606,,,339,,,
2026-08-25,1,610,De Fougerolles,DEF,10,a,,,,,0.0,,,0,0,611,,,337,,,
2026-08-25,1,611,Wan-Bissaka,DEF,2,a,,,,,0.0,,,0,0,538,,,372,,,
2026-08-25,1,612,Methalie,DEF,20,a,,,,,0.0,,,0,0,537,,,437,,,
2026-08-26,1,1,Raya,GKP,1,a,,,,,6.0,,,6,6,59,,,231,,,
2026-08-26,1,2,Arrizabalaga,GKP,1,a,,,,,0.0,,,0,0,332,,,448,,,
2026-08-26,1,3,Meslier,GKP,1,a,,,,,0.0,,,0,0,336,,,486,,,
2026-08-26,1,4,Gabriel,DEF,1,a,,,,,5.0,,,5,5,7,,,240,,,
2026-08-26,1,5,J.Timber,DEF,1,i,Groin injury - Unknown return date,2026-07-23T12:01:23.272929Z,0,0,0.0,,,0,0,36,,,602,,,
2026-08-26,1,6,Saliba,DEF,1,i,Back injury - Unknown return date,2026-07-23T12:01:23.289376Z,0,0,0.0,,,0,0,66,,,587,,,
2026-08-26,1,7,Lewis-Skelly,MID,1,a,,,,,3.0,,,3,3,184,,,101,,,
2026-08-26,1,8,Calafiori,DEF,1,a,,,,,9.0,,,9,9,132,,,98,,,
2026-08-26,1,9,Hincapie,DEF,1,a,,,,,1.0,,,1,1,141,,,292,,,
2026-08-26,1,10,White,DEF,1,a,,2026-07-23T12:01:23.305229Z,100,100,11.0,,,11,11,172,,,41,,,
2026-08-26,1,11,Mosquera,DEF,1,a,,,,,6.0,,,6,6,179,,,210,,,
2026-08-26,1,12,Saka,MID,1,a,,,,,9.0,,,9,9,3,,,12,,,
2026-08-26,1,13,Rice,MID,1,a,,,,,3.0,,,3,3,13,,,213,,,
2026-08-26,1,14,Eze,MID,1,a,,,,,1.0,,,1,1,41,,,294,,,
2026-08-26,1,15,Ødegaard,MID,1,a,,,,,11.0,,,11,11,44,,,6,,,
2026-08-26,1,16,Madueke,MID,1,a,,,,,1.0,,,1,1,45,,,70,,,
2026-08-26,1,17,Merino,MID,1,a,,,,,1.0,,,1,1,94,,,186,,,
2026-08-26,1,18,Martinelli,MID,1,a,,,,,0.0,,,0,0,49,,,598,,,
2026-08-26,1,19,Zubimendi,MID,1,a,,,,,1.0,,,1,1,119,,,253,,,
2026-08-26,1,20,Dowman,MID,1,a,,,,,0.0,,,0,0,192,,,579,,,
2026-08-26,1,21,Nørgaard,MID,9,i,Unspecified injury - Unknown return date,2026-08-15T20:00:06.779594Z,0,0,0.0,,,0,0,323,,,451,,,
2026-08-26,1,22,Nwaneri,MID,1,a,,,,,0.0,,,0,0,199,,,571,,,
2026-08-26,1,23,Fábio Vieira,MID,1,a,,,,,0.0,,,0,0,201,,,558,,,
2026-08-26,1,24,Nelson,MID,1,a,,,,,0.0,,,0,0,196,,,549,,,
2026-08-26,1,25,Gyökeres,FWD,1,a,,,,,0.0,,,0,0,17,,,608,,,
2026-08-26,1,26,Havertz,FWD,1,a,,,,,6.0,,,6,6,22,,,38,,,
2026-08-26,1,27,G.Jesus,FWD,1,a,,,,,0.0,,,0,0,105,,,583,,,
2026-08-26,1,28,Martinez,GKP,2,a,,,,,0.0,,,0,0,235,,,445,,,
2026-08-26,1,29,M.Bizot,GKP,2,a,,,,,1.0,,,1,1,453,,,138,,,
2026-08-26,1,30,Digne,DEF,2,u,Has joined Paris Saint-Germain permanently,2026-08-10T14:03:30.089007Z,0,0,0.0,,,0,0,412,,,354,,,
2026-08-26,1,31,Konsa,DEF,1,a,,,,,0.0,,,0,0,410,,,369,,,
2026-08-26,1,32,Cash,DEF,2,a,,,,,-1.0,,,-1,-1,404,,,222,,,
2026-08-26,1,33,Mings,DEF,2,a,,,,,1.0,,,1,1,434,,,280,,,
2026-08-26,1,34,Pau,DEF,2,a,,,,,0.0,,,0,0,427,,,385,,,
2026-08-26,1,35,Bogarde,MID,2,a,,,,,1.0,,,1,1,293,,,277,,,
2026-08-26,1,36,Maatsen,DEF,2,a,,,,,0.0,,,0,0,431,,,223,,,
2026-08-26,1,37,Lindelöf,DEF,2,a,,,,,-2.0,,,-2,-2,445,,,281,,,
2026-08-26,1,38,A.García,DEF,2,a,,,,,0.0,,,0,0,544,,,346,,,
2026-08-26,1,39,Nedeljkovic,DEF,2,u,Has joined Rangers on loan for the rest of the season,2026-08-19T13:56:46.385411Z,0,0,0.0,,,0,0,553,,,344,,,
2026-08-26,1,40,Rogers,MID,6,a,,,,,8.0,,,8,8,15,,,3,,,
2026-08-26,1,41,Buendía,MID,2,a,,,,,2.0,,,2,2,81,,,167,,,
2026-08-26,1,42,Guessand,MID,8,a,,,,,1.0,,,1,1,174,,,230,,,
2026-08-26,1,43,Tielemans,MID,16,a,,2026-07-23T12:01:23.321726Z,100,100,2.0,,,2,2,93,,,182,,,
2026-08-26,1,44,Bailey,MID,2,a,,,,,0.0,,,0,0,189,,,553,,,
2026-08-26,1,45,McGinn,MID,2,a,,,,,1.0,,,1,1,135,,,258,,,
2026-08-26,1,46,Barkley,MID,2,a,,,,,2.0,,,2,2,278,,,107,,,
2026-08-26,1,47,Kamara,MID,2,a,,2026-07-23T12:01:23.337269Z,100,100,2.0,,,2,2,274,,,218,,,
2026-08-26,1,48,Onana,MID,2,i,Knee injury - Unknown return date,2026-07-23T12:01:23.352497Z,0,0,0.0,,,0,0,260,,,494,,,
2026-08-26,1,49,Iling Jr,MID,2,u,Has joined Bolton Wanderers on loan for the rest of the season,2026-08-17T13:52:28.532616Z,0,0,0.0,,,0,0,337,,,500,,,
2026-08-26,1,50,Burrowes,MID,2,a,,,,,0.0,,,0,0,476,,,438,,,
2026-08-26,1,51,George Hemmings,MID,2,a,,,,,2.0,,,2,2,469,,,154,,,
2026-08-26,1,52,Alysson,MID,2,a,,,,,1.0,,,1,1,328,,,267,,,
2026-08-26,1,53,Manzambi,MID,2,i,Knee injury - Unknown return date,2026-08-15T15:30:06.388335Z,0,0,0.0,,,0,0,106,,,597,,,
2026-08-26,1,54,Gomes,MID,2,s,Suspended until 19 Sep,2026-08-23T17:30:08.367415Z,0,0,-2.0,,,-2,-2,144,,,228,,,
2026-08-26,1,55,Watkins,FWD,2,a,,,,,0.0,,,0,0,10,,,612,,,
2026-08-26,1,56,Abraham,FWD,2,d,Knock - 75% chance of playing,2026-08-15T16:00:07.558543Z,75,75,0.0,,,0,0,187,,,543,,,
2026-08-26,1,57,Petrović,GKP,3,a,,,,,2.0,,,2,2,401,,,111,,,
2026-08-26,1,58,Forster,GKP,3,a,,,,,0.0,,,0,0,554,,,297,,,
2026-08-26,1,59,Dennis,GKP,3,a,,,,,0.0,,,0,0,555,,,320,,,
2026-08-26,1,60,Hill,DEF,3,a,,,,,1.0,,,1,1,130,,,229,,,
2026-08-26,1,61,Truffert,DEF,3,a,,,,,1.0,,,1,1,112,,,200,,,
2026-08-26,1,62,Diakité,DEF,3,a,,,,,0.0,,,0,0,289,,,481,,,
2026-08-26,1,63,Milosavljević,DEF,3,i,Unspecified injury - Unknown return date,2026-08-06T10:00:10.456051Z,0,0,0.0,,,0,0,307,,,536,,,
2026-08-26,1,64,Smith,DEF,3,a,,,,,1.0,,,1,1,429,,,242,,,
2026-08-26,1,65,J.Araujo,DEF,3,i,Thigh injury - Unknown return date,2026-08-09T08:00:05.645826Z,0,0,0.0,,,0,0,485,,,387,,,
2026-08-26,1,66,Soler,DEF,3,d,Hamstring injury - 75% chance of playing,2026-08-15T16:30:07.021055Z,75,75,0.0,,,0,0,545,,,341,,,
2026-08-26,1,67,Rayan,MID,3,a,,,,,2.0,,,2,2,47,,,117,,,
2026-08-26,1,68,Tavernier,MID,3,a,,,,,10.0,,,10,10,67,,,36,,,
2026-08-26,1,69,Scott,MID,3,a,,,,,2.0,,,2,2,69,,,205,,,
2026-08-26,1,70,Kluivert,MID,3,a,,,,,3.0,,,3,3,100,,,99,,,
2026-08-26,1,71,Cook,MID,3,a,,,,,3.0,,,3,3,294,,,245,,,
2026-08-26,1,72,Gannon-Doak,MID,3,a,,,,,1.0,,,1,1,319,,,282,,,
2026-08-26,1,73,Adams,MID,3,a,,2026-08-15T16:30:07.029928Z,75,100,1.0,,,1,1,259,,,263,,,
2026-08-26,1,74,Brooks,MID,3,a,,2026-08-15T16:30:07.037929Z,75,100,0.0,,,0,0,276,,,449,,,
2026-08-26,1,75,Christie,MID,3,a,,2026-07-24T17:30:10.035483Z,0,100,0.0,,,0,0,287,,,456,,,
2026-08-26,1,76,Tóth.A,MID,3,a,,,,,1.0,,,1,1,321,,,278,,,
2026-08-26,1,77,Adli,MID,3,i,Unspecified injury - Unknown return date,2026-08-15T16:00:07.590566Z,0,0,0.0,,,0,0,267,,,507,,,
2026-08-26,1,78,Kroupi.Jr,MID,3,i,Foot injury - Unknown return date,2026-07-29T17:30:09.796802Z,0,0,0.0,,,0,0,21,,,611,,,
2026-08-26,1,79,Evanilson,FWD,3,a,,,,,4.0,,,4,4,76,,,124,,,
2026-08-26,1,80,Enes Ünal,FWD,3,u,Has joined Getafe permanently,2026-08-14T14:14:21.881112Z,0,0,0.0,,,0,0,185,,,542,,,
2026-08-26,1,81,Rodríguez,FWD,3,a,,2026-08-15T16:30:07.054142Z,75,100,0.0,,,0,0,107,,,594,,,
2026-08-26,1,82,Kelleher,GKP,4,a,,,,,7.0,,,7,7,226,,,128,,,
2026-08-26,1,83,Valdimarsson,GKP,4,a,,,,,0.0,,,0,0,477,,,403,,,
2026-08-26,1,84,Collins,DEF,4,a,,,,,6.0,,,6,6,120,,,77,,,
2026-08-26,1,85,Van den Berg,DEF,4,i,Groin injury - Unknown return date,2026-08-15T15:30:06.416627Z,0,0,0.0,,,0,0,239,,,491,,,
2026-08-26,1,86,Lewis-Potter,MID,4,a,,,,,10.0,,,10,10,125,,,29,,,
2026-08-26,1,87,Ajer,DEF,4,a,,,,,8.0,,,8,8,421,,,60,,,
2026-08-26,1,88,Kayode,DEF,4,a,,,,,13.0,,,13,13,405,,,31,,,
2026-08-26,1,89,Henry,DEF,4,a,,,,,0.0,,,0,0,433,,,368,,,
2026-08-26,1,90,Hickey,DEF,4,a,,,,,1.0,,,1,1,442,,,392,,,
2026-08-26,1,91,Pinnock,DEF,4,a,,,,,0.0,,,0,0,456,,,377,,,
2026-08-26,1,92,Ji-soo,DEF,4,a,,,,,0.0,,,0,0,486,,,421,,,
2026-08-26,1,93,Schuster,DEF,4,a,,,,,0.0,,,0,0,487,,,404,,,
2026-08-26,1,94,Schade,MID,4,a,,,,,3.0,,,3,3,73,,,28,,,
2026-08-26,1,95,O.Dango,MID,4,a,,,,,3.0,,,3,3,37,,,85,,,
2026-08-26,1,96,Damsgaard,MID,4,a,,,,,1.0,,,1,1,127,,,120,,,
2026-08-26,1,97,Jensen,MID,4,a,,,,,6.0,,,6,6,137,,,43,,,
2026-08-26,1,98,Janelt,MID,4,a,,,,,9.0,,,9,9,262,,,8,,,
2026-08-26,1,99,Milambo,MID,4,i,Knee injury - Unknown return date,2026-07-23T12:01:23.384798Z,0,0,0.0,,,0,0,334,,,525,,,
2026-08-26,1,100,Carvalho,MID,4,a,,2026-08-18T13:58:17.442072Z,75,100,0.0,,,0,0,311,,,482,,,
2026-08-26,1,101,Henderson,MID,6,d,Wrist injury - 75% chance of playing,2026-08-09T09:30:07.136250Z,75,75,0.0,,,0,0,261,,,441,,,
2026-08-26,1,102,Yarmoliuk,MID,4,a,,,,,1.0,,,1,1,245,,,252,,,
2026-08-26,1,103,Dasilva,MID,4,a,,,,,0.0,,,0,0,333,,,462,,,
2026-08-26,1,104,Onyeka,MID,7,a,,,,,2.0,,,2,2,316,,,255,,,
2026-08-26,1,105,Anthony,MID,4,a,,,,,1.0,,,1,1,108,,,84,,,
2026-08-26,1,106,Thiago,FWD,4,a,,,,,0.0,,,0,0,9,,,221,,,
2026-08-26,1,107,Furo,FWD,4,a,,,,,0.0,,,0,0,478,,,428,,,
2026-08-26,1,108,Wilson,FWD,4,a,,,,,1.0,,,1,1,202,,,192,,,
2026-08-26,1,109,Verbruggen,GKP,5,a,,,,,6.0,,,6,6,400,,,244,,,
2026-08-26,1,110,Rushworth,GKP,7,a,,,,,1.0,,,1,1,488,,,215,,,
2026-08-26,1,111,Steele,GKP,5,a,,,,,0.0,,,0,0,556,,,298,,,
2026-08-26,1,112,Van Hecke,DEF,19,a,,,,,1.0,,,1,1,225,,,122,,,
2026-08-26,1,113,F.Kadıoğlu,DEF,5,d,Unspecified injury - 75% chance of playing,2026-08-23T13:00:07.595211Z,,75,0.0,,,0,0,403,,,378,,,
2026-08-26,1,114,Boscagli,DEF,5,a,,,,,6.0,,,6,6,438,,,133,,,
2026-08-26,1,115,De Cuyper,DEF,5,a,,,,,17.0,,,17,17,418,,,4,,,
2026-08-26,1,116,Dunk,DEF,5,a,,,,,6.0,,,6,6,411,,,175,,,
2026-08-26,1,117,Coppola,DEF,5,a,,,,,0.0,,,0,0,461,,,414,,,
2026-08-26,1,118,Igor,DEF,5,a,,,,,0.0,,,0,0,464,,,376,,,
2026-08-26,1,119,Costinha,DEF,5,a,,,,,1.0,,,1,1,489,,,139,,,
2026-08-26,1,120,Svoboda,DEF,5,a,,,,,0.0,,,0,0,338,,,496,,,
2026-08-26,1,121,Mitoma,MID,5,i,Hamstring injury - Unknown return date,2026-07-24T18:30:10.661894Z,0,0,0.0,,,0,0,96,,,586,,,
2026-08-26,1,122,Minteh,MID,5,i,Leg injury - Expected back 28 Nov,2026-08-14T18:00:06.418033Z,0,0,0.0,,,0,0,75,,,595,,,
2026-08-26,1,123,Hinshelwood,MID,5,a,,,,,16.0,,,16,16,85,,,2,,,
2026-08-26,1,124,Groß,MID,5,a,,,,,2.0,,,2,2,153,,,26,,,
2026-08-26,1,125,Georginio,FWD,5,a,,,,,5.0,,,5,5,142,,,87,,,
2026-08-26,1,126,O'Riley,MID,5,a,,,,,0.0,,,0,0,193,,,554,,,
2026-08-26,1,127,Gomez,MID,5,a,,,,,6.0,,,6,6,247,,,13,,,
2026-08-26,1,128,Buonanotte,MID,5,u,Has joined Elche on loan for the rest of the season,2026-08-10T14:03:07.561436Z,0,0,0.0,,,0,0,329,,,524,,,
2026-08-26,1,129,Ayari,MID,5,a,,,,,2.0,,,2,2,138,,,201,,,
2026-08-26,1,130,Wieffer,DEF,5,a,,,,,7.0,,,7,7,250,,,80,,,
2026-08-26,1,131,Baleba,MID,5,i,Ankle injury - Unknown return date,2026-08-06T16:00:10.997714Z,0,0,0.0,,,0,0,279,,,520,,,
2026-08-26,1,132,Howell,MID,5,u,Has joined Leicester City on loan for the rest of the season,2026-08-17T13:53:19.019938Z,0,0,0.0,,,0,0,467,,,430,,,
2026-08-26,1,133,Watson,MID,5,u,Has joined Leicester City on loan for the rest of the season,2026-08-03T14:05:44.459483Z,0,0,0.0,,,0,0,325,,,527,,,
2026-08-26,1,134,Oriola,MID,5,a,,,,,0.0,,,0,0,479,,,417,,,
2026-08-26,1,135,Yohanna,MID,5,a,,,,,1.0,,,1,1,339,,,284,,,
2026-08-26,1,136,Welbeck,FWD,6,a,,2026-08-20T14:00:07.949090Z,75,100,0.0,,,0,0,72,,,582,,,
2026-08-26,1,137,Tzimas,FWD,5,i,Knee injury - Unknown return date,2026-07-23T12:01:23.432796Z,0,0,0.0,,,0,0,194,,,578,,,
2026-08-26,1,138,Kostoulas,FWD,5,a,,,,,1.0,,,1,1,182,,,237,,,
2026-08-26,1,139,Ferguson,FWD,5,i,Ankle injury - Expected back 10 Oct,2026-07-23T12:01:23.448357Z,0,0,0.0,,,0,0,340,,,505,,,
2026-08-26,1,140,Sánchez,GKP,6,a,,,,,2.0,,,2,2,240,,,170,,,
2026-08-26,1,141,Jörgensen,GKP,6,u,Has joined RC Strasbourg on loan for the rest of the season,2026-08-12T14:07:02.607115Z,0,0,0.0,,,0,0,320,,,518,,,
2026-08-26,1,142,James,DEF,6,a,,,,,0.0,,,0,0,126,,,54,,,
2026-08-26,1,143,Chalobah,DEF,6,u,Has joined Como permanently,2026-08-10T14:03:50.769483Z,0,0,0.0,,,0,0,114,,,546,,,
2026-08-26,1,144,Gusto,DEF,6,a,,,,,1.0,,,1,1,248,,,162,,,
2026-08-26,1,145,Fofana,DEF,6,a,,2026-07-23T12:01:23.464591Z,0,100,0.0,,,0,0,271,,,490,,,
2026-08-26,1,146,B.Badiashile,DEF,6,u,Has joined Napoli on loan for the rest of the season,2026-08-25T14:03:47.079414Z,,0,0.0,,,0,0,462,,,382,,,
2026-08-26,1,147,Tosin,DEF,6,a,,,,,0.0,,,0,0,443,,,358,,,
2026-08-26,1,148,Hato,DEF,6,a,,,,,1.0,,,1,1,451,,,125,,,
2026-08-26,1,149,Colwill,DEF,6,a,,,,,0.0,,,0,0,322,,,208,,,
2026-08-26,1,150,M.Sarr,DEF,6,a,,,,,0.0,,,0,0,468,,,423,,,
2026-08-26,1,151,Acheampong,DEF,6,a,,,,,3.0,,,3,3,439,,,112,,,
2026-08-26,1,152,Palestra,DEF,6,d,Unspecified injury - 75% chance of playing,2026-08-24T18:30:07.421239Z,,75,0.0,,,0,0,203,,,580,,,
2026-08-26,1,153,Disasi,DEF,6,a,,,,,0.0,,,0,0,490,,,374,,,
2026-08-26,1,154,Palmer,MID,6,a,,2026-08-24T22:00:07.971542Z,,100,13.0,,,13,13,4,,,1,,,
2026-08-26,1,155,Enzo,MID,6,a,,,,,1.0,,,1,1,24,,,212,,,
2026-08-26,1,156,Neto,MID,6,a,,,,,1.0,,,1,1,38,,,227,,,
2026-08-26,1,157,Estêvão,MID,6,a,,,,,1.0,,,1,1,48,,,295,,,
2026-08-26,1,158,Gittens,MID,6,a,,,,,0.0,,,0,0,104,,,588,,,
2026-08-26,1,159,Caicedo,MID,6,d,Unspecified injury - 75% chance of playing,2026-08-24T18:30:07.431154Z,,75,0.0,,,0,0,131,,,569,,,
2026-08-26,1,160,Garnacho,MID,2,a,,,,,1.0,,,1,1,97,,,590,,,
2026-08-26,1,161,Lavia,MID,6,a,,,,,1.0,,,1,1,312,,,44,,,
2026-08-26,1,162,Andrey Santos,MID,16,a,,,,,2.0,,,2,2,288,,,191,,,
2026-08-26,1,163,D.Essugo,MID,6,a,,,,,0.0,,,0,0,480,,,395,,,
2026-08-26,1,164,Quenda,MID,6,a,,2026-07-24T20:30:10.609931Z,100,100,1.0,,,1,1,204,,,270,,,
2026-08-26,1,165,João Pedro,FWD,6,a,,,,,11.0,,,11,11,14,,,11,,,
2026-08-26,1,166,N.Jackson,FWD,6,a,,,,,0.0,,,0,0,52,,,605,,,
2026-08-26,1,167,Delap,FWD,6,a,,,,,0.0,,,0,0,173,,,563,,,
2026-08-26,1,168,Marc Guiu,FWD,6,a,,,,,0.0,,,0,0,313,,,515,,,
2026-08-26,1,169,Mheuka,FWD,6,a,,,,,0.0,,,0,0,481,,,420,,,
2026-08-26,1,170,Emegha,FWD,6,a,,2026-07-24T20:30:10.622380Z,100,100,0.0,,,0,0,341,,,517,,,
2026-08-26,1,171,Dovin,GKP,7,a,,,,,0.0,,,0,0,557,,,326,,,
2026-08-26,1,172,Wilson,GKP,7,a,,,,,0.0,,,0,0,491,,,359,,,
2026-08-26,1,173,Thomas,DEF,7,a,,,,,3.0,,,3,3,558,,,115,,,
2026-08-26,1,174,Kitching,DEF,7,a,,,,,0.0,,,0,0,559,,,319,,,
2026-08-26,1,175,van Ewijk,DEF,7,a,,,,,1.0,,,1,1,560,,,206,,,
2026-08-26,1,176,Dasilva,DEF,7,a,,,,,1.0,,,1,1,561,,,188,,,
2026-08-26,1,177,Kesler-Hayden,DEF,7,a,,,,,0.0,,,0,0,562,,,324,,,
2026-08-26,1,178,Bidwell,DEF,7,a,,,,,0.0,,,0,0,563,,,301,,,
2026-08-26,1,179,Latibeaudiere,DEF,7,a,,,,,0.0,,,0,0,564,,,312,,,
2026-08-26,1,180,Woolfenden,DEF,7,a,,,,,0.0,,,0,0,565,,,315,,,
2026-08-26,1,181,Brau,DEF,7,a,,,,,0.0,,,0,0,566,,,342,,,
2026-08-26,1,182,Amenda,DEF,7,a,,,,,1.0,,,1,1,567,,,129,,,
2026-08-26,1,183,Rudoni,MID,7,a,,2026-07-23T12:01:23.481435Z,100,100,1.0,,,1,1,342,,,148,,,
2026-08-26,1,184,Grimes,MID,7,a,,,,,2.0,,,2,2,343,,,197,,,
2026-08-26,1,185,Sakamoto,MID,7,a,,,,,0.0,,,0,0,344,,,516,,,
2026-08-26,1,186,Mason-Clark,MID,7,a,,2026-08-19T18:00:08.310507Z,100,100,0.0,,,0,0,205,,,556,,,
2026-08-26,1,187,Eccles,MID,7,a,,,,,0.0,,,0,0,345,,,488,,,
2026-08-26,1,188,Torp,MID,7,a,,,,,1.0,,,1,1,206,,,163,,,
2026-08-26,1,189,Shepherd,MID,7,a,,,,,0.0,,,0,0,492,,,440,,,
2026-08-26,1,190,Tchaouna,MID,7,a,,,,,2.0,,,2,2,207,,,232,,,
2026-08-26,1,191,Borges Rodrigues,MID,7,a,,,,,0.0,,,0,0,493,,,397,,,
2026-08-26,1,192,Andrews,MID,7,a,,,,,0.0,,,0,0,494,,,435,,,
2026-08-26,1,193,Wright,FWD,7,i,Thigh injury - Unknown return date,2026-08-14T22:00:07.214508Z,0,0,0.0,,,0,0,208,,,545,,,
2026-08-26,1,194,Thomas-Asante,FWD,7,a,,,,,2.0,,,2,2,346,,,251,,,
2026-08-26,1,195,Simms,FWD,7,a,,,,,2.0,,,2,2,347,,,198,,,
2026-08-26,1,196,Markelo,FWD,7,u,Has joined Shabab Al-Ahli Dubai permanently,2026-08-17T13:53:55.791223Z,0,0,0.0,,,0,0,348,,,529,,,
2026-08-26,1,197,Bassette,FWD,7,u,Has joined KVC Westerlo on loan for the rest of the season,2026-07-28T12:58:50.001768Z,0,0,0.0,,,0,0,495,,,412,,,
2026-08-26,1,198,Henderson,GKP,8,a,,2026-08-20T14:00:08.018379Z,75,100,2.0,,,2,2,228,,,140,,,
2026-08-26,1,199,Benitez,GKP,8,a,,,,,0.0,,,0,0,463,,,360,,,
2026-08-26,1,200,Lacroix,DEF,6,a,,,,,6.0,,,6,6,61,,,58,,,
2026-08-26,1,201,Muñoz,DEF,8,a,,,,,0.0,,,0,0,115,,,159,,,
2026-08-26,1,202,Richards,DEF,8,a,,,,,3.0,,,3,3,230,,,95,,,
2026-08-26,1,203,Canvot,DEF,8,a,,,,,1.0,,,1,1,263,,,109,,,
2026-08-26,1,204,Mitchell,DEF,8,a,,,,,1.0,,,1,1,399,,,143,,,
2026-08-26,1,205,Sosa,DEF,8,a,,,,,0.0,,,0,0,465,,,373,,,
2026-08-26,1,206,Chadi Riad,DEF,8,d,Knee injury - 50% chance of playing,2026-08-22T18:00:07.352049Z,,50,1.0,,,1,1,449,,,216,,,
2026-08-26,1,207,Mingueza,DEF,8,a,,,,,0.0,,,0,0,496,,,381,,,
2026-08-26,1,208,Sarr,MID,8,d,Groin injury - 75% chance of playing,2026-08-22T18:00:07.363165Z,,75,0.0,,,0,0,39,,,600,,,
2026-08-26,1,209,Johnson,MID,9,a,,,,,1.0,,,1,1,95,,,272,,,
2026-08-26,1,210,Wharton,MID,8,a,,2026-07-23T12:01:23.498963Z,100,100,4.0,,,4,4,129,,,82,,,
2026-08-26,1,211,Yeremy,MID,8,a,,,,,1.0,,,1,1,154,,,220,,,
2026-08-26,1,212,Hughes,MID,8,a,,,,,0.0,,,0,0,435,,,356,,,
2026-08-26,1,213,Lerma,MID,8,a,,,,,0.0,,,0,0,265,,,454,,,
2026-08-26,1,214,Kamada,MID,8,a,,,,,3.0,,,3,3,268,,,75,,,
2026-08-26,1,215,Devenny,MID,8,a,,,,,0.0,,,0,0,297,,,506,,,
2026-08-26,1,216,Esse,MID,8,a,,,,,0.0,,,0,0,327,,,535,,,
2026-08-26,1,217,M.França,MID,8,a,,,,,0.0,,,0,0,349,,,523,,,
2026-08-26,1,218,Doucouré,MID,8,a,,,,,0.0,,,0,0,350,,,487,,,
2026-08-26,1,219,J.Rak-Sakyi,MID,8,a,,,,,0.0,,,0,0,351,,,495,,,
2026-08-26,1,220,Cardines,DEF,8,u,Has joined Bristol City on loan for the rest of the season,2026-08-12T14:08:46.501813Z,0,0,0.0,,,0,0,470,,,425,,,
2026-08-26,1,221,Drakes-Thomas,MID,8,a,,,,,0.0,,,0,0,471,,,439,,,
2026-08-26,1,222,Strand Larsen,FWD,8,a,,,,,1.0,,,1,1,92,,,168,,,
2026-08-26,1,223,Mateta,FWD,8,a,,,,,2.0,,,2,2,40,,,153,,,
2026-08-26,1,224,Nketiah,FWD,8,a,,,,,1.0,,,1,1,188,,,56,,,
2026-08-26,1,225,Uche,FWD,8,u,has returned to Getafe CF,2026-07-23T12:18:56.275922Z,0,0,0.0,,,0,0,308,,,539,,,
2026-08-26,1,226,Pickford,GKP,9,a,,,,,7.0,,,7,7,116,,,127,,,
2026-08-26,1,227,Travers,GKP,9,a,,,,,0.0,,,0,0,352,,,476,,,
2026-08-26,1,228,King,GKP,9,a,,,,,0.0,,,0,0,497,,,362,,,
2026-08-26,1,229,Tarkowski,DEF,9,a,,,,,6.0,,,6,6,58,,,181,,,
2026-08-26,1,230,Branthwaite,DEF,9,a,,,,,6.0,,,6,6,183,,,152,,,
2026-08-26,1,231,Keane,DEF,9,a,,,,,0.0,,,0,0,229,,,446,,,
2026-08-26,1,232,O'Brien,DEF,9,a,,,,,0.0,,,0,0,236,,,519,,,
2026-08-26,1,233,Mykolenko,DEF,9,a,,,,,6.0,,,6,6,414,,,135,,,
2026-08-26,1,234,Patterson,DEF,9,a,,,,,0.0,,,0,0,448,,,384,,,
2026-08-26,1,235,Aznou,DEF,9,a,,,,,0.0,,,0,0,568,,,329,,,
2026-08-26,1,236,Dewsbury-Hall,MID,9,a,,,,,11.0,,,11,11,35,,,16,,,
2026-08-26,1,237,Ndiaye,MID,9,a,,,,,9.0,,,9,9,71,,,5,,,
2026-08-26,1,238,Grealish,MID,15,a,,2026-07-29T10:00:10.492904Z,100,100,1.0,,,1,1,42,,,287,,,
2026-08-26,1,239,Garner,MID,9,a,,2026-07-25T14:30:10.455878Z,25,100,1.0,,,1,1,60,,,187,,,
2026-08-26,1,240,Iroegbunam,MID,9,i,Thigh injury - Unknown return date,2026-08-15T20:00:06.878792Z,0,0,0.0,,,0,0,266,,,508,,,
2026-08-26,1,241,McNeil,MID,8,a,,,,,2.0,,,2,2,167,,,204,,,
2026-08-26,1,242,George,MID,9,a,,,,,3.0,,,3,3,195,,,65,,,
2026-08-26,1,243,Alcaraz,MID,9,a,,,,,1.0,,,1,1,304,,,165,,,
2026-08-26,1,244,Armstrong,MID,9,a,,,,,8.0,,,8,8,306,,,81,,,
2026-08-26,1,245,Dibling,MID,9,a,,,,,0.0,,,0,0,190,,,570,,,
2026-08-26,1,246,Röhl,MID,9,a,,,,,3.0,,,3,3,298,,,136,,,
2026-08-26,1,247,Hackney,MID,9,a,,,,,3.0,,,3,3,209,,,149,,,
2026-08-26,1,248,Beto,FWD,9,a,,,,,1.0,,,1,1,134,,,285,,,
2026-08-26,1,249,Barry,FWD,9,a,,,,,8.0,,,8,8,139,,,15,,,
2026-08-26,1,250,Leno,GKP,10,a,,,,,2.0,,,2,2,402,,,130,,,
2026-08-26,1,251,Lecomte,GKP,10,a,,,,,0.0,,,0,0,569,,,302,,,
2026-08-26,1,252,McNally,GKP,10,a,,,,,0.0,,,0,0,570,,,332,,,
2026-08-26,1,253,Andersen,DEF,10,a,,2026-07-23T12:01:23.516350Z,0,100,0.0,,,0,0,234,,,460,,,
2026-08-26,1,254,Robinson,DEF,10,a,,,,,1.0,,,1,1,426,,,74,,,
2026-08-26,1,255,J.Cuenca,DEF,10,a,,,,,3.0,,,3,3,440,,,66,,,
2026-08-26,1,256,Tete,DEF,10,a,,,,,0.0,,,0,0,419,,,364,,,
2026-08-26,1,257,Bassey,DEF,10,a,,,,,0.0,,,0,0,409,,,176,,,
2026-08-26,1,258,Castagne,DEF,10,a,,,,,6.0,,,6,6,428,,,22,,,
2026-08-26,1,259,Diop,DEF,12,a,,,,,2.0,,,2,2,540,,,234,,,
2026-08-26,1,260,Wilson,MID,13,a,,,,,3.0,,,3,3,33,,,150,,,
2026-08-26,1,261,Iwobi,MID,10,a,,,,,2.0,,,2,2,136,,,158,,,
2026-08-26,1,262,Smith Rowe,MID,10,a,,,,,0.0,,,0,0,151,,,552,,,
2026-08-26,1,263,Kevin,MID,10,a,,,,,1.0,,,1,1,169,,,248,,,
2026-08-26,1,264,Bobb,MID,10,a,,,,,2.0,,,2,2,177,,,132,,,
2026-08-26,1,265,Berge,MID,10,a,,,,,2.0,,,2,2,252,,,91,,,
2026-08-26,1,266,Cairney,MID,10,i,Knee injury - Expected back 10 Oct,2026-08-14T18:00:06.460944Z,0,0,0.0,,,0,0,292,,,442,,,
2026-08-26,1,267,Lukić,MID,12,a,,,,,5.0,,,5,5,269,,,102,,,
2026-08-26,1,268,King,MID,10,a,,,,,7.0,,,7,7,162,,,14,,,
2026-08-26,1,269,Sessegnon,DEF,10,a,,,,,1.0,,,1,1,415,,,147,,,
2026-08-26,1,270,Reed,MID,10,a,,,,,0.0,,,0,0,455,,,363,,,
2026-08-26,1,271,Muniz,FWD,10,a,,,,,1.0,,,1,1,181,,,151,,,
2026-08-26,1,272,Kusi-Asare,FWD,10,a,,,,,0.0,,,0,0,466,,,436,,,
2026-08-26,1,273,Phillips,GKP,11,a,,,,,0.0,,,0,0,571,,,307,,,
2026-08-26,1,274,Butland,GKP,11,i,Arm injury - Unknown return date,2026-08-08T19:00:05.601633Z,0,0,0.0,,,0,0,498,,,355,,,
2026-08-26,1,275,Cartwright,GKP,11,u,Has joined Grimsby Town on loan for the rest of the season,2026-07-29T13:00:27.959925Z,0,0,0.0,,,0,0,572,,,328,,,
2026-08-26,1,276,Lo-Tutala,GKP,11,u,Has joined Colchester United on loan for the rest of the season,2026-08-17T13:50:27.125537Z,0,0,0.0,,,0,0,573,,,321,,,
2026-08-26,1,277,Egan,DEF,11,a,,,,,8.0,,,8,8,574,,,86,,,
2026-08-26,1,278,Hughes,DEF,11,i,Groin injury - Unknown return date,2026-08-02T09:00:11.030017Z,0,0,0.0,,,0,0,575,,,331,,,
2026-08-26,1,279,Ajayi,DEF,11,d,Hamstring injury - 75% chance of playing,2026-08-22T17:30:07.668197Z,,75,14.0,,,14,14,576,,,32,,,
2026-08-26,1,280,Coyle,DEF,11,d,Ankle injury - 75% chance of playing,2026-08-22T17:30:07.685683Z,,75,6.0,,,6,6,577,,,196,,,
2026-08-26,1,281,Drameh,DEF,11,a,,2026-08-08T19:00:05.613036Z,100,100,1.0,,,1,1,578,,,273,,,
2026-08-26,1,282,Giles,DEF,11,a,,,,,6.0,,,6,6,579,,,110,,,
2026-08-26,1,283,Jacob,DEF,11,i,Hip injury - Expected back 5 Sep,2026-08-02T09:00:11.038361Z,0,0,0.0,,,0,0,580,,,322,,,
2026-08-26,1,284,McCarthy,DEF,11,a,,,,,0.0,,,0,0,581,,,351,,,
2026-08-26,1,285,McNair,DEF,11,a,,,,,1.0,,,1,1,582,,,261,,,
2026-08-26,1,286,Belloumi,MID,11,a,,,,,3.0,,,3,3,353,,,179,,,
2026-08-26,1,287,Millar,MID,11,a,,,,,0.0,,,0,0,354,,,265,,,
2026-08-26,1,288,Dowell,MID,11,a,,,,,0.0,,,0,0,499,,,365,,,
2026-08-26,1,289,Crooks,MID,11,a,,,,,2.0,,,2,2,500,,,169,,,
2026-08-26,1,290,Slater,MID,11,a,,,,,6.0,,,6,6,501,,,106,,,
2026-08-26,1,291,Matazo,MID,11,i,Knee injury - Unknown return date,2026-07-23T12:01:23.532635Z,0,0,0.0,,,0,0,502,,,390,,,
2026-08-26,1,292,Ömür,MID,11,a,,,,,0.0,,,0,0,355,,,465,,,
2026-08-26,1,293,Kamara,MID,11,u,Has joined Portsmouth permanently,2026-08-12T14:08:23.542043Z,0,0,0.0,,,0,0,356,,,509,,,
2026-08-26,1,294,Zambrano,MID,11,i,Thigh injury - Unknown return date,2026-08-04T18:30:11.016909Z,0,0,0.0,,,0,0,503,,,415,,,
2026-08-26,1,295,McBurnie,FWD,11,a,,,,,5.0,,,5,5,210,,,21,,,
2026-08-26,1,296,Akintola,MID,11,a,,,,,0.0,,,0,0,357,,,467,,,
2026-08-26,1,297,Gyabi,MID,11,i,Thigh injury - Unknown return date,2026-08-04T18:30:11.027155Z,0,0,0.0,,,0,0,504,,,391,,,
2026-08-26,1,298,Destan,FWD,11,u,Has joined Konyaspor permanently,2026-08-17T13:50:27.145733Z,0,0,0.0,,,0,0,505,,,402,,,
2026-08-26,1,299,Burstow,FWD,11,u,Has joined Sheffield Wednesday on loan for the rest of the season,2026-08-03T14:05:20.234842Z,0,0,0.0,,,0,0,506,,,409,,,
2026-08-26,1,300,Walton,GKP,12,a,,,,,0.0,,,0,0,507,,,357,,,
2026-08-26,1,301,Palmer,GKP,12,a,,,,,0.0,,,0,0,583,,,304,,,
2026-08-26,1,302,Button,GKP,12,a,,,,,0.0,,,0,0,584,,,299,,,
2026-08-26,1,303,Kipré,DEF,12,a,,,,,0.0,,,0,0,585,,,311,,,
2026-08-26,1,304,O'Shea,DEF,12,a,,,,,4.0,,,4,4,586,,,34,,,
2026-08-26,1,305,Davis,DEF,12,a,,,,,2.0,,,2,2,587,,,190,,,
2026-08-26,1,306,Greaves,DEF,12,a,,,,,2.0,,,2,2,588,,,189,,,
2026-08-26,1,307,Johnson,DEF,12,a,,,,,0.0,,,0,0,589,,,316,,,
2026-08-26,1,308,Furlong,DEF,12,a,,,,,0.0,,,0,0,590,,,310,,,
2026-08-26,1,309,Núñez,MID,12,a,,,,,4.0,,,4,4,358,,,155,,,
2026-08-26,1,310,Matusiwa,MID,12,i,Muscular injury - Unknown return date,2026-07-29T18:00:10.305484Z,0,0,0.0,,,0,0,359,,,480,,,
2026-08-26,1,311,Burns,MID,12,u,Has joined Leicester City permanently,2026-08-10T14:02:47.597478Z,0,0,0.0,,,0,0,360,,,453,,,
2026-08-26,1,312,Taylor,MID,12,i,Knee injury - Unknown return date,2026-07-29T18:00:10.319370Z,0,0,0.0,,,0,0,508,,,379,,,
2026-08-26,1,313,Clarke,MID,12,a,,,,,7.0,,,7,7,211,,,72,,,
2026-08-26,1,314,Ogbene,MID,12,a,,,,,0.0,,,0,0,361,,,475,,,
2026-08-26,1,315,Fatawu,MID,12,a,,,,,2.0,,,2,2,212,,,64,,,
2026-08-26,1,316,Emersonn,FWD,12,a,,,,,9.0,,,9,9,213,,,10,,,
2026-08-26,1,317,Hirst,FWD,12,u,Has joined Stoke City permanently,2026-08-21T13:06:08.606019Z,0,0,0.0,,,0,0,362,,,473,,,
2026-08-26,1,318,Philogene,MID,12,i,Ankle injury - Unknown return date,2026-08-25T11:30:07.532993Z,,0,0.0,,,0,0,217,,,568,,,
2026-08-26,1,319,Szmodics,MID,12,u,Has joined Derby County on loan for the rest of the season,2026-08-17T13:51:41.713979Z,0,0,0.0,,,0,0,363,,,459,,,
2026-08-26,1,320,Akpom,FWD,12,a,,,,,1.0,,,1,1,364,,,276,,,
2026-08-26,1,321,Walle Egeli,FWD,12,a,,,,,1.0,,,1,1,509,,,418,,,
2026-08-26,1,322,Al-Hamadi,FWD,12,a,,,,,0.0,,,0,0,365,,,498,,,
2026-08-26,1,323,McAteer,MID,12,a,,,,,1.0,,,1,1,510,,,274,,,
2026-08-26,1,324,Mehmeti,MID,12,a,,,,,0.0,,,0,0,366,,,478,,,
2026-08-26,1,325,Darlow,GKP,16,a,,2026-07-23T12:01:23.549136Z,75,100,0.0,,,0,0,423,,,352,,,
2026-08-26,1,326,Perri,GKP,13,a,,,,,0.0,,,0,0,436,,,370,,,
2026-08-26,1,327,Bijol,DEF,13,a,,,,,10.0,,,10,10,246,,,104,,,
2026-08-26,1,328,Struijk,DEF,5,a,,2026-08-15T20:30:07.523574Z,100,100,0.0,,,0,0,243,,,474,,,
2026-08-26,1,329,Rodon,DEF,13,a,,,,,6.0,,,6,6,408,,,118,,,
2026-08-26,1,330,Bogle,DEF,13,a,,,,,6.0,,,6,6,413,,,243,,,
2026-08-26,1,331,Gudmundsson,DEF,13,i,Hamstring injury - Unknown return date,2026-08-08T20:00:07.546568Z,0,0,0.0,,,0,0,424,,,383,,,
2026-08-26,1,332,Justin,DEF,13,a,,,,,10.0,,,10,10,416,,,134,,,
2026-08-26,1,333,Bornauw,DEF,13,u,Has joined Hamburg SV on loan for the rest of the season,2026-08-19T13:56:14.645970Z,0,0,0.0,,,0,0,447,,,388,,,
2026-08-26,1,334,Muharemović,DEF,13,a,,,,,6.0,,,6,6,367,,,123,,,
2026-08-26,1,335,Stach,MID,13,a,,,,,13.0,,,13,13,68,,,47,,,
2026-08-26,1,336,Okafor,MID,13,a,,,,,1.0,,,1,1,78,,,141,,,
2026-08-26,1,337,Aaronson,MID,13,a,,,,,3.0,,,3,3,121,,,203,,,
2026-08-26,1,338,Ampadu,MID,13,a,,,,,5.0,,,5,5,118,,,97,,,
2026-08-26,1,339,Longstaff,MID,13,a,,,,,1.0,,,1,1,280,,,461,,,
2026-08-26,1,340,Gelhardt,MID,11,i,Ankle injury - Expected back 5 Sep,2026-08-17T21:30:07.799839Z,0,0,0.0,,,0,0,368,,,499,,,
2026-08-26,1,341,Gnonto,MID,13,i,Hamstring injury - Unknown return date,2026-08-17T20:30:08.092366Z,0,0,0.0,,,0,0,303,,,513,,,
2026-08-26,1,342,Harrison,MID,13,u,Has joined New England Revolution permanently,2026-07-28T12:59:09.492431Z,0,0,0.0,,,0,0,317,,,470,,,
2026-08-26,1,343,James,MID,13,a,,,,,0.0,,,0,0,305,,,463,,,
2026-08-26,1,344,Gruev,MID,13,i,Knee injury - Unknown return date,2026-08-14T23:00:06.272027Z,0,0,0.0,,,0,0,281,,,504,,,
2026-08-26,1,345,Tanaka,MID,13,a,,,,,0.0,,,0,0,270,,,483,,,
2026-08-26,1,346,Calvert-Lewin,FWD,13,a,,,,,1.0,,,1,1,65,,,249,,,
2026-08-26,1,347,Nmecha,FWD,13,a,,,,,0.0,,,0,0,156,,,544,,,
2026-08-26,1,348,Piroe,FWD,13,u,Has joined West Ham United on loan for the rest of the season,2026-08-19T13:56:14.666726Z,0,0,0.0,,,0,0,309,,,479,,,
2026-08-26,1,349,Mateo Joseph,FWD,13,i,Knee injury - Unknown return date,2026-07-29T18:00:10.338170Z,0,0,0.0,,,0,0,511,,,419,,,
2026-08-26,1,350,A.Becker,GKP,14,a,,,,,2.0,,,2,2,140,,,193,,,
2026-08-26,1,351,Mamardashvili,GKP,14,a,,,,,0.0,,,0,0,300,,,493,,,
2026-08-26,1,352,Woodman,GKP,14,a,,,,,0.0,,,0,0,543,,,306,,,
2026-08-26,1,353,Pecsi,GKP,14,u,Has joined TSV Hartberg on loan for the rest of the season,2026-08-18T14:11:18.638344Z,0,0,0.0,,,0,0,591,,,345,,,
2026-08-26,1,354,Jaros,GKP,14,i,Knee injury - Unknown return date,2026-07-29T18:00:10.351066Z,0,0,0.0,,,0,0,592,,,318,,,
2026-08-26,1,355,Davies,GKP,14,a,,,,,0.0,,,0,0,593,,,323,,,
2026-08-26,1,356,Virgil,DEF,14,a,,,,,2.0,,,2,2,32,,,73,,,
2026-08-26,1,357,Frimpong,DEF,14,a,,,,,0.0,,,0,0,163,,,53,,,
2026-08-26,1,358,Kerkez,DEF,14,a,,,,,0.0,,,0,0,145,,,93,,,
2026-08-26,1,359,Gomez,DEF,14,i,Muscular injury - Unknown return date,2026-07-26T08:30:10.078473Z,0,0,0.0,,,0,0,302,,,458,,,
2026-08-26,1,360,Bradley,DEF,14,i,Knee injury - Unknown return date,2026-07-23T12:01:23.565711Z,0,0,0.0,,,0,0,291,,,512,,,
2026-08-26,1,361,Lucky,DEF,14,a,,,,,0.0,,,0,0,594,,,333,,,
2026-08-26,1,362,Jacquet,DEF,14,a,,2026-07-23T12:01:23.581126Z,100,100,1.0,,,1,1,369,,,156,,,
2026-08-26,1,363,Leoni,DEF,14,i,Knee injury - Unknown return date,2026-07-23T12:01:23.596909Z,0,0,0.0,,,0,0,595,,,350,,,
2026-08-26,1,364,Tsimikas,DEF,14,a,,,,,0.0,,,0,0,370,,,468,,,
2026-08-26,1,365,Ramsay,DEF,14,a,,,,,0.0,,,0,0,596,,,327,,,
2026-08-26,1,366,Wirtz,MID,14,a,,,,,2.0,,,2,2,18,,,59,,,
2026-08-26,1,367,Gakpo,MID,14,a,,,,,12.0,,,12,12,26,,,9,,,
2026-08-26,1,368,Szoboszlai,MID,14,a,,,,,8.0,,,8,8,23,,,7,,,
2026-08-26,1,369,Ngumoha,MID,14,a,,,,,2.0,,,2,2,99,,,226,,,
2026-08-26,1,370,Chiesa,MID,14,a,,,,,0.0,,,0,0,180,,,555,,,
2026-08-26,1,371,Gravenberch,MID,14,a,,,,,5.0,,,5,5,64,,,94,,,
2026-08-26,1,372,Mac Allister,MID,14,a,,,,,1.0,,,1,1,133,,,246,,,
2026-08-26,1,373,C.Jones,MID,14,d,Hip injury - 75% chance of playing,2026-08-16T18:30:07.426408Z,75,75,0.0,,,0,0,149,,,551,,,
2026-08-26,1,374,Endo,MID,14,a,,2026-07-23T12:01:23.612529Z,100,100,0.0,,,0,0,318,,,457,,,
2026-08-26,1,375,Nyoni,MID,14,a,,,,,0.0,,,0,0,324,,,534,,,
2026-08-26,1,376,Bajcetic,MID,14,i,Hamstring injury - Unknown return date,2026-07-23T12:01:23.628373Z,0,0,0.0,,,0,0,371,,,522,,,
2026-08-26,1,377,Munoz,MID,14,a,,,,,4.0,,,4,4,53,,,146,,,
2026-08-26,1,378,McConnell,MID,14,a,,,,,0.0,,,0,0,512,,,396,,,
2026-08-26,1,379,Isak,FWD,14,a,,,,,2.0,,,2,2,5,,,19,,,
2026-08-26,1,380,Ekitiké,FWD,14,i,Achilles injury - Unknown return date,2026-07-23T12:01:23.643771Z,0,0,0.0,,,0,0,19,,,610,,,
2026-08-26,1,381,Koumas,MID,14,a,,,,,1.0,,,1,1,372,,,236,,,
2026-08-26,1,382,Danns,FWD,14,i,Unspecified injury - Unknown return date,2026-07-23T12:01:23.659279Z,0,0,0.0,,,0,0,513,,,400,,,
2026-08-26,1,383,Elliott,MID,14,a,,,,,0.0,,,0,0,200,,,560,,,
2026-08-26,1,384,Donnarumma,GKP,15,a,,,,,3.0,,,3,3,117,,,145,,,
2026-08-26,1,385,Trafford,GKP,13,a,,,,,9.0,,,9,9,314,,,185,,,
2026-08-26,1,386,Bettinelli,GKP,15,a,,,,,0.0,,,0,0,514,,,361,,,
2026-08-26,1,387,O'Reilly,DEF,15,a,,,,,2.0,,,2,2,34,,,79,,,
2026-08-26,1,388,Guéhi,DEF,15,a,,,,,10.0,,,10,10,56,,,23,,,
2026-08-26,1,389,Matheus N.,DEF,15,a,,2026-08-16T18:30:07.457097Z,100,100,1.0,,,1,1,62,,,238,,,
2026-08-26,1,390,Rúben,DEF,15,a,,,,,2.0,,,2,2,128,,,92,,,
2026-08-26,1,391,Gvardiol,DEF,15,a,,,,,9.0,,,9,9,152,,,33,,,
2026-08-26,1,392,Aït-Nouri,DEF,15,a,,,,,0.0,,,0,0,165,,,561,,,
2026-08-26,1,393,Khusanov,DEF,15,a,,,,,2.0,,,2,2,160,,,180,,,
2026-08-26,1,394,Alleyne,DEF,15,u,Has joined Burnley on loan for the rest of the season,2026-08-18T14:11:56.324656Z,0,0,0.0,,,0,0,326,,,514,,,
2026-08-26,1,395,Lewis,DEF,15,a,,,,,1.0,,,1,1,452,,,83,,,
2026-08-26,1,396,Vitor Reis,DEF,15,a,,,,,0.0,,,0,0,515,,,433,,,
2026-08-26,1,397,Semenyo,MID,15,a,,,,,2.0,,,2,2,6,,,88,,,
2026-08-26,1,398,Foden,MID,15,a,,,,,1.0,,,1,1,27,,,37,,,
2026-08-26,1,399,Cherki,MID,15,a,,,,,8.0,,,8,8,16,,,18,,,
2026-08-26,1,400,Doku,MID,15,i,Calf injury - Expected back 5 Sep,2026-08-18T17:00:08.385597Z,0,0,0.0,,,0,0,20,,,609,,,
2026-08-26,1,401,Marmoush,FWD,15,a,,,,,0.0,,,0,0,29,,,607,,,
2026-08-26,1,402,Rodrigo,MID,15,u,Has joined Barcelona permanently,2026-07-23T12:01:23.675537Z,0,0,0.0,,,0,0,46,,,599,,,
2026-08-26,1,403,Savinho,MID,19,a,,,,,0.0,,,0,0,50,,,604,,,
2026-08-26,1,404,Reijnders,MID,15,u,Has joined Al Qadsiah permanently,2026-08-20T14:02:58.154273Z,0,0,0.0,,,0,0,83,,,585,,,
2026-08-26,1,405,N.Gonzalez,MID,15,a,,,,,0.0,,,0,0,164,,,565,,,
2026-08-26,1,406,Kovačić,MID,15,a,,,,,1.0,,,1,1,197,,,268,,,
2026-08-26,1,407,Echeverri,MID,15,a,,,,,0.0,,,0,0,373,,,533,,,
2026-08-26,1,408,Phillips,MID,15,u,Has joined Sheffield United on loan for the rest of the season,2026-08-18T14:11:56.348781Z,0,0,0.0,,,0,0,374,,,455,,,
2026-08-26,1,409,Mukasa,MID,15,a,,,,,0.0,,,0,0,472,,,426,,,
2026-08-26,1,410,Monga,MID,15,a,,,,,0.0,,,0,0,375,,,538,,,
2026-08-26,1,411,Haaland,FWD,15,a,,,,,2.0,,,2,2,1,,,55,,,
2026-08-26,1,412,Lammens,GKP,16,a,,,,,1.0,,,1,1,242,,,178,,,
2026-08-26,1,413,Bayindir,GKP,16,u,Has joined Celta Vigo on loan for the rest of the season,2026-08-10T14:02:28.608415Z,0,0,0.0,,,0,0,458,,,389,,,
2026-08-26,1,414,Heaton,GKP,16,i,Hamstring injury - Unknown return date,2026-08-15T16:00:07.854151Z,0,0,0.0,,,0,0,597,,,296,,,
2026-08-26,1,415,Dorgu,MID,16,a,,,,,0.0,,,0,0,82,,,250,,,
2026-08-26,1,416,De Ligt,DEF,16,i,Back injury - Unknown return date,2026-07-23T12:01:23.690880Z,0,0,0.0,,,0,0,290,,,466,,,
2026-08-26,1,417,Dalot,DEF,16,a,,,,,1.0,,,1,1,241,,,183,,,
2026-08-26,1,418,Maguire,DEF,16,a,,,,,1.0,,,1,1,254,,,40,,,
2026-08-26,1,419,Martinez,DEF,16,a,,2026-07-24T20:00:10.337107Z,100,100,0.0,,,0,0,284,,,472,,,
2026-08-26,1,420,Yoro,DEF,16,a,,,,,0.0,,,0,0,282,,,528,,,
2026-08-26,1,421,Heaven,DEF,16,a,,,,,1.0,,,1,1,437,,,177,,,
2026-08-26,1,422,Mazraoui,DEF,16,a,,,,,1.0,,,1,1,432,,,61,,,
2026-08-26,1,423,Shaw,DEF,16,a,,,,,1.0,,,1,1,406,,,20,,,
2026-08-26,1,424,Amass,DEF,16,a,,,,,0.0,,,0,0,600,,,343,,,
2026-08-26,1,425,Fredricson,DEF,16,u,Has joined Lausanne-Sport permanently,2026-08-18T14:12:31.904433Z,0,0,0.0,,,0,0,549,,,336,,,
2026-08-26,1,426,B.Fernandes,MID,16,a,,,,,2.0,,,2,2,2,,,17,,,
2026-08-26,1,427,Mbeumo,MID,16,a,,,,,2.0,,,2,2,11,,,25,,,
2026-08-26,1,428,Cunha,MID,16,a,,,,,2.0,,,2,2,12,,,46,,,
2026-08-26,1,429,Rashford,MID,16,a,,,,,1.0,,,1,1,30,,,49,,,
2026-08-26,1,430,Mount,MID,16,d,Foot injury - 75% chance of playing,2026-08-15T16:00:07.879135Z,50,75,0.0,,,0,0,166,,,548,,,
2026-08-26,1,431,Amad,MID,16,d,Unspecified injury - 75% chance of playing,2026-08-22T11:00:08.617283Z,,75,0.0,,,0,0,86,,,591,,,
2026-08-26,1,432,Mainoo,MID,16,a,,,,,1.0,,,1,1,157,,,247,,,
2026-08-26,1,433,Ugarte,MID,16,i,Knee injury - Unknown return date,2026-07-23T12:01:23.706702Z,0,0,0.0,,,0,0,295,,,477,,,
2026-08-26,1,434,J.Fletcher,MID,16,a,,,,,0.0,,,0,0,330,,,526,,,
2026-08-26,1,435,Lacey,MID,16,a,,,,,1.0,,,1,1,331,,,289,,,
2026-08-26,1,436,Collyer,MID,16,a,,,,,0.0,,,0,0,376,,,510,,,
2026-08-26,1,437,Bendito Mantato,MID,16,a,,,,,0.0,,,0,0,482,,,424,,,
2026-08-26,1,438,Fletcher,MID,16,a,,,,,0.0,,,0,0,473,,,407,,,
2026-08-26,1,439,Šeško,FWD,16,a,,2026-07-23T12:01:23.722029Z,75,100,1.0,,,1,1,28,,,239,,,
2026-08-26,1,440,Zirkzee,FWD,16,a,,,,,0.0,,,0,0,178,,,562,,,
2026-08-26,1,441,Obi,FWD,16,a,,,,,0.0,,,0,0,517,,,429,,,
2026-08-26,1,442,Pope,GKP,17,a,,,,,0.0,,,0,0,249,,,444,,,
2026-08-26,1,443,Gillespie,GKP,17,a,,,,,0.0,,,0,0,519,,,353,,,
2026-08-26,1,444,Jaouen,GKP,17,a,,,,,0.0,,,0,0,522,,,416,,,
2026-08-26,1,445,Thiaw,DEF,17,a,,,,,3.0,,,3,3,232,,,108,,,
2026-08-26,1,446,Schär,DEF,17,a,,2026-08-15T16:30:07.209742Z,100,100,1.0,,,1,1,285,,,450,,,
2026-08-26,1,447,Botman,DEF,17,a,,,,,3.0,,,3,3,255,,,121,,,
2026-08-26,1,448,Burn,DEF,17,i,Ankle injury - Expected back 14 Sep,2026-08-23T18:00:08.367241Z,,0,0.0,,,0,0,251,,,443,,,
2026-08-26,1,449,Hall,DEF,17,a,,,,,3.0,,,3,3,258,,,113,,,
2026-08-26,1,450,Livramento,DEF,17,i,Calf injury - Unknown return date,2026-07-23T12:01:23.753221Z,0,0,0.0,,,0,0,277,,,489,,,
2026-08-26,1,451,A.Murphy,DEF,17,u,Has joined FC Kaiserslautern on loan for the rest of the season,2026-08-12T14:05:29.224600Z,0,0,0.0,,,0,0,548,,,335,,,
2026-08-26,1,452,Bruno G.,MID,1,d,Thigh injury - 75% chance of playing,2026-08-20T17:00:08.846118Z,75,75,0.0,,,0,0,25,,,606,,,
2026-08-26,1,453,Barnes,MID,17,a,,,,,2.0,,,2,2,80,,,202,,,
2026-08-26,1,454,Elanga,MID,17,a,,,,,9.0,,,9,9,98,,,45,,,
2026-08-26,1,455,Tonali,MID,19,a,,,,,2.0,,,2,2,150,,,172,,,
2026-08-26,1,456,J.Ramsey,MID,17,a,,,,,0.0,,,0,0,273,,,224,,,
2026-08-26,1,457,J.Murphy,MID,17,a,,,,,0.0,,,0,0,88,,,293,,,
2026-08-26,1,458,Joelinton,MID,17,i,Unspecified injury - Unknown return date,2026-08-16T08:00:08.074045Z,0,0,0.0,,,0,0,158,,,547,,,
2026-08-26,1,459,L.Miley,MID,17,a,,2026-07-23T12:01:23.785456Z,100,100,3.0,,,3,3,159,,,103,,,
2026-08-26,1,460,Willock,MID,17,a,,,,,6.0,,,6,6,296,,,52,,,
2026-08-26,1,461,Touré,MID,17,a,,,,,0.0,,,0,0,109,,,596,,,
2026-08-26,1,462,Steur,MID,17,a,,,,,1.0,,,1,1,380,,,283,,,
2026-08-26,1,463,Woltemade,FWD,17,a,,,,,0.0,,,0,0,79,,,589,,,
2026-08-26,1,464,Wissa,FWD,17,a,,,,,4.0,,,4,4,103,,,48,,,
2026-08-26,1,465,Osula,FWD,17,d,Knock - 50% chance of playing,2026-08-25T19:00:08.004915Z,,50,4.0,,,4,4,91,,,78,,,
2026-08-26,1,466,Neave,FWD,17,a,,,,,0.0,,,0,0,483,,,431,,,
2026-08-26,1,467,Sels,GKP,18,a,,,,,2.0,,,2,2,244,,,217,,,
2026-08-26,1,468,John,GKP,18,a,,,,,0.0,,,0,0,459,,,375,,,
2026-08-26,1,469,N.Williams,DEF,18,a,,,,,2.0,,,2,2,231,,,144,,,
2026-08-26,1,470,Morato,DEF,18,a,,,,,0.0,,,0,0,283,,,503,,,
2026-08-26,1,471,Milenković,DEF,18,a,,,,,2.0,,,2,2,123,,,166,,,
2026-08-26,1,472,Murillo,DEF,18,a,,2026-07-23T12:01:23.801183Z,100,100,4.0,,,4,4,146,,,57,,,
2026-08-26,1,473,Aina,DEF,18,a,,,,,5.0,,,5,5,425,,,50,,,
2026-08-26,1,474,Jair Cunha,DEF,18,a,,,,,1.0,,,1,1,457,,,164,,,
2026-08-26,1,475,Savona,DEF,18,i,Knee injury - Unknown return date,2026-07-23T12:01:23.816304Z,0,0,0.0,,,0,0,441,,,401,,,
2026-08-26,1,476,O.Richards,DEF,18,a,,,,,0.0,,,0,0,601,,,313,,,
2026-08-26,1,477,Abbott,DEF,18,a,,,,,0.0,,,0,0,546,,,338,,,
2026-08-26,1,478,Netz,DEF,18,a,,,,,1.0,,,1,1,460,,,288,,,
2026-08-26,1,479,Bindon,DEF,18,a,,,,,0.0,,,0,0,602,,,334,,,
2026-08-26,1,480,Gibbs-White,MID,18,d,Knee injury - 75% chance of playing,2026-08-24T15:30:08.350159Z,,75,2.0,,,2,2,8,,,160,,,
2026-08-26,1,481,Anderson,MID,15,d,Knock - 75% chance of playing,2026-08-23T17:00:07.952697Z,,75,2.0,,,2,2,31,,,142,,,
2026-08-26,1,482,Hudson-Odoi,MID,18,a,,2026-07-23T12:01:23.832709Z,100,100,0.0,,,0,0,87,,,584,,,
2026-08-26,1,483,Ndoye,MID,18,a,,,,,3.0,,,3,3,168,,,269,,,
2026-08-26,1,484,Hutchinson,MID,18,a,,,,,0.0,,,0,0,148,,,572,,,
2026-08-26,1,485,Bakwa,MID,18,a,,,,,0.0,,,0,0,186,,,567,,,
2026-08-26,1,486,McAtee,MID,18,a,,,,,3.0,,,3,3,191,,,67,,,
2026-08-26,1,487,Dominguez,MID,18,a,,,,,0.0,,,0,0,286,,,484,,,
2026-08-26,1,488,I.Sangaré,MID,18,a,,,,,2.0,,,2,2,256,,,119,,,
2026-08-26,1,489,Yates,MID,18,i,Unspecified injury - Unknown return date,2026-08-17T20:30:08.195072Z,0,0,0.0,,,0,0,444,,,371,,,
2026-08-26,1,490,Wood,FWD,18,a,,,,,1.0,,,1,1,101,,,271,,,
2026-08-26,1,491,Igor Jesus,FWD,18,a,,,,,2.0,,,2,2,77,,,96,,,
2026-08-26,1,492,Awoniyi,FWD,7,a,,,,,1.0,,,1,1,176,,,291,,,
2026-08-26,1,493,Kalimuendo,FWD,18,a,,,,,1.0,,,1,1,198,,,564,,,
2026-08-26,1,494,Vicario,GKP,19,u,Has joined Juventus on loan for the rest of the season,2026-08-19T13:55:33.193962Z,0,0,0.0,,,0,0,417,,,367,,,
2026-08-26,1,495,Austin,GKP,19,a,,,,,0.0,,,0,0,603,,,314,,,
2026-08-26,1,496,Kinsky,GKP,19,a,,,,,2.0,,,2,2,450,,,90,,,
2026-08-26,1,497,Dubravka,GKP,19,a,,,,,0.0,,,0,0,539,,,300,,,
2026-08-26,1,498,Senesi,DEF,19,a,,,,,3.0,,,3,3,57,,,105,,,
2026-08-26,1,499,Pedro Porro,DEF,19,a,,2026-08-21T15:22:48.149081Z,0,100,0.0,,,0,0,124,,,559,,,
2026-08-26,1,500,Romero,DEF,19,u,Has joined Atletico Madrid permanently,2026-08-17T13:49:05.465401Z,0,0,0.0,,,0,0,253,,,471,,,
2026-08-26,1,501,Danso,DEF,19,a,,,,,0.0,,,0,0,272,,,452,,,
2026-08-26,1,502,Robertson,DEF,19,a,,,,,3.0,,,3,3,430,,,69,,,
2026-08-26,1,503,Van de Ven,DEF,19,a,,2026-08-21T15:00:07.610517Z,0,100,0.0,,,0,0,237,,,511,,,
2026-08-26,1,504,Vuskovic,DEF,5,a,,,,,6.0,,,6,6,382,,,137,,,
2026-08-26,1,505,Spence,DEF,19,u,Has joined Internazionale permanently,2026-08-18T14:13:08.454214Z,0,0,0.0,,,0,0,420,,,380,,,
2026-08-26,1,506,Udogie,DEF,19,a,,,,,1.0,,,1,1,446,,,393,,,
2026-08-26,1,507,Phillips,DEF,19,u,Has joined Middlesbrough permanently,2026-08-18T14:13:08.474144Z,0,0,0.0,,,0,0,523,,,411,,,
2026-08-26,1,508,Davies,DEF,19,a,,,,,0.0,,,0,0,542,,,305,,,
2026-08-26,1,509,Byfield,DEF,19,a,,,,,0.0,,,0,0,550,,,348,,,
2026-08-26,1,510,Rowswell,DEF,19,a,,,,,0.0,,,0,0,551,,,330,,,
2026-08-26,1,511,Souza,DEF,19,a,,,,,0.0,,,0,0,547,,,347,,,
2026-08-26,1,512,Kudus,MID,19,d,Thigh injury - 50% chance of playing,2026-07-23T12:01:23.848657Z,25,50,0.0,,,0,0,43,,,603,,,
2026-08-26,1,513,Xavi,MID,19,i,Knee injury - Unknown return date,2026-07-23T12:01:23.864304Z,0,0,0.0,,,0,0,89,,,592,,,
2026-08-26,1,514,Tel,MID,19,a,,,,,2.0,,,2,2,90,,,89,,,
2026-08-26,1,515,Maddison,MID,19,d,Shoulder injury - 75% chance of playing,2026-08-25T14:30:07.623508Z,,75,1.0,,,1,1,51,,,174,,,
2026-08-26,1,516,Bentancur,MID,19,a,,,,,1.0,,,1,1,143,,,199,,,
2026-08-26,1,517,Odobert,MID,19,i,Knee injury - Unknown return date,2026-07-23T12:01:23.879434Z,0,0,0.0,,,0,0,171,,,575,,,
2026-08-26,1,518,P.M.Sarr,MID,19,i,Hamstring injury - Unknown return date,2026-08-21T14:30:08.419690Z,0,0,0.0,,,0,0,264,,,502,,,
2026-08-26,1,519,Gallagher,MID,19,a,,,,,0.0,,,0,0,175,,,259,,,
2026-08-26,1,520,Bergvall,MID,19,a,,,,,1.0,,,1,1,170,,,577,,,
2026-08-26,1,521,Kulusevski,MID,19,i,Knee injury - Unknown return date,2026-07-23T12:01:23.895175Z,0,0,0.0,,,0,0,54,,,601,,,
2026-08-26,1,522,Gray,MID,19,a,,,,,2.0,,,2,2,275,,,235,,,
2026-08-26,1,523,Moore,MID,19,a,,,,,2.0,,,2,2,384,,,35,,,
2026-08-26,1,524,Olusesi,MID,19,a,,,,,0.0,,,0,0,484,,,399,,,
2026-08-26,1,525,Fernandes,MID,19,a,,,,,1.0,,,1,1,70,,,114,,,
2026-08-26,1,526,Solanke,FWD,19,a,,,,,1.0,,,1,1,102,,,260,,,
2026-08-26,1,527,Richarlison,FWD,19,a,,,,,2.0,,,2,2,74,,,286,,,
2026-08-26,1,528,Scarlett,FWD,19,a,,,,,0.0,,,0,0,474,,,394,,,
2026-08-26,1,529,Roefs,GKP,20,a,,,,,1.0,,,1,1,227,,,209,,,
2026-08-26,1,530,Patterson,GKP,20,u,Has joined Wrexham permanently,2026-08-12T14:08:03.064533Z,0,0,0.0,,,0,0,604,,,317,,,
2026-08-26,1,531,Ellborg,GKP,20,a,,,,,0.0,,,0,0,454,,,405,,,
2026-08-26,1,532,Ballard,DEF,20,a,,,,,0.0,,,0,0,238,,,184,,,
2026-08-26,1,533,Mukiele,DEF,20,a,,2026-08-09T08:30:05.954750Z,100,100,0.0,,,0,0,113,,,550,,,
2026-08-26,1,534,Hume,DEF,20,a,,,,,2.0,,,2,2,407,,,51,,,
2026-08-26,1,535,Alderete,DEF,20,a,,2026-08-09T08:30:05.962393Z,100,100,1.0,,,1,1,233,,,464,,,
2026-08-26,1,536,Reinildo,DEF,20,a,,,,,1.0,,,1,1,422,,,62,,,
2026-08-26,1,537,Seelt,DEF,20,a,,,,,0.0,,,0,0,475,,,406,,,
2026-08-26,1,538,Hjelde,DEF,20,u,Has joined KV Mechelen on loan for the rest of the season,2026-08-12T14:08:03.081789Z,0,0,0.0,,,0,0,612,,,325,,,
2026-08-26,1,539,O'Nien,DEF,20,a,,,,,1.0,,,1,1,541,,,195,,,
2026-08-26,1,540,Masuaku,DEF,20,u,Has joined Konyaspor permanently,2026-08-12T14:08:03.097784Z,0,0,0.0,,,0,0,552,,,303,,,
2026-08-26,1,541,Meunier,DEF,20,a,,2026-08-16T08:30:07.830062Z,100,100,1.0,,,1,1,524,,,131,,,
2026-08-26,1,542,E.Le Fée,MID,20,a,,,,,2.0,,,2,2,63,,,211,,,
2026-08-26,1,543,Diarra,MID,20,a,,,,,1.0,,,1,1,161,,,279,,,
2026-08-26,1,544,Xhaka,MID,20,a,,,,,9.0,,,9,9,122,,,76,,,
2026-08-26,1,545,Sadiki,MID,20,a,,,,,2.0,,,2,2,257,,,42,,,
2026-08-26,1,546,Adingra,MID,20,i,Ankle injury - Unknown return date,2026-08-20T14:00:08.416985Z,0,0,0.0,,,0,0,301,,,521,,,
2026-08-26,1,547,Mundle,MID,20,a,,,,,0.0,,,0,0,310,,,497,,,
2026-08-26,1,548,Rigg,MID,20,a,,,,,1.0,,,1,1,299,,,531,,,
2026-08-26,1,549,Talbi,MID,20,a,,,,,1.0,,,1,1,147,,,574,,,
2026-08-26,1,550,Jocelin.T,MID,20,a,,,,,0.0,,,0,0,335,,,541,,,
2026-08-26,1,551,Angulo,MID,20,a,,,,,5.0,,,5,5,315,,,71,,,
2026-08-26,1,552,Brobbey,FWD,20,a,,,,,2.0,,,2,2,84,,,233,,,
2026-08-26,1,553,Isidor,FWD,20,a,,,,,1.0,,,1,1,155,,,557,,,
2026-08-26,1,554,Tzolis,MID,1,a,,,,,6.0,,,6,6,55,,,24,,,
2026-08-26,1,555,Silva,DEF,3,a,,,,,2.0,,,2,2,383,,,126,,,
2026-08-26,1,556,M.Sangaré,MID,4,a,,,,,14.0,,,14,14,215,,,39,,,
2026-08-26,1,557,Penders,GKP,6,a,,,,,0.0,,,0,0,521,,,413,,,
2026-08-26,1,558,Anselmino,DEF,6,d,Hamstring injury - 25% chance of playing,2026-08-23T19:00:08.536705Z,,25,0.0,,,0,0,520,,,434,,,
2026-08-26,1,559,Matthews,GKP,8,a,,,,,0.0,,,0,0,599,,,309,,,
2026-08-26,1,560,Targett,DEF,11,a,,,,,1.0,,,1,1,598,,,308,,,
2026-08-26,1,561,Morita,MID,11,a,,2026-08-15T16:00:07.961518Z,50,100,0.0,,,0,0,381,,,492,,,
2026-08-26,1,562,Van Oevelen,GKP,12,u,Has joined Valencia on loan for the rest of the season,2026-08-25T14:04:09.529320Z,,0,0.0,,,0,0,518,,,410,,,
2026-08-26,1,563,Maeda,MID,12,a,,,,,2.0,,,2,2,214,,,173,,,
2026-08-26,1,564,Scherpen,GKP,12,a,,,,,2.0,,,2,2,516,,,214,,,
2026-08-26,1,565,Bamba,MID,17,a,,,,,1.0,,,1,1,379,,,266,,,
2026-08-26,1,566,Horníček,GKP,17,a,,,,,1.0,,,1,1,378,,,100,,,
2026-08-26,1,567,Schlager,MID,18,a,,,,,1.0,,,1,1,377,,,264,,,
2026-08-26,1,568,Barco,MID,6,a,,,,,0.0,,,0,0,218,,,573,,,
2026-08-26,1,569,Gonzalo,FWD,10,a,,,,,6.0,,,6,6,110,,,30,,,
2026-08-26,1,570,Palacios,MID,10,a,,,,,2.0,,,2,2,216,,,194,,,
2026-08-26,1,571,Tzolakis,GKP,11,a,,,,,10.0,,,10,10,525,,,116,,,
2026-08-26,1,572,Florentino,MID,12,d,Calf injury - 75% chance of playing,2026-08-25T11:30:07.678802Z,,75,0.0,,,0,0,385,,,469,,,
2026-08-26,1,573,Sanchez,DEF,3,a,,,,,0.0,,,0,0,530,,,398,,,
2026-08-26,1,574,Yirenkyi,MID,7,a,,,,,1.0,,,1,1,390,,,540,,,
2026-08-26,1,575,Tomiyasu,DEF,8,a,,,,,1.0,,,1,1,529,,,254,,,
2026-08-26,1,576,Hjertø-Dahl,MID,11,a,,,,,0.0,,,0,0,387,,,530,,,
2026-08-26,1,577,Stroud,MID,11,a,,,,,3.0,,,3,3,386,,,225,,,
2026-08-26,1,578,Mudryk,MID,6,a,,,,,0.0,,,0,0,221,,,566,,,
2026-08-26,1,579,Charles,MID,10,a,,,,,1.0,,,1,1,388,,,256,,,
2026-08-26,1,580,Araujo,DEF,14,a,,,,,1.0,,,1,1,220,,,219,,,
2026-08-26,1,581,Diomande,DEF,18,a,,,,,0.0,,,0,0,219,,,576,,,
2026-08-26,1,582,Madjo,FWD,2,i,Unspecified injury - Unknown return date,2026-08-15T16:00:07.974271Z,0,0,0.0,,,0,0,223,,,581,,,
2026-08-26,1,583,Chavarria,DEF,6,a,,,,,1.0,,,1,1,389,,,257,,,
2026-08-26,1,584,Hamer,MID,7,a,,,,,1.0,,,1,1,222,,,290,,,
2026-08-26,1,585,Herrington,DEF,11,a,,,,,1.0,,,1,1,609,,,241,,,
2026-08-26,1,586,Mendy,DEF,11,a,,2026-08-22T17:30:08.045208Z,,100,15.0,,,15,15,605,,,27,,,
2026-08-26,1,587,Rulli,GKP,15,a,,,,,0.0,,,0,0,391,,,447,,,
2026-08-26,1,588,Khalaili,DEF,8,a,,,,,1.0,,,1,1,394,,,63,,,
2026-08-26,1,589,Gourna-Douath,MID,11,a,,,,,0.0,,,0,0,392,,,501,,,
2026-08-26,1,590,Benda,GKP,18,a,,,,,0.0,,,0,0,526,,,386,,,
2026-08-26,1,591,Enciso,MID,12,a,,2026-08-22T18:00:07.551930Z,,100,5.0,,,5,5,224,,,68,,,
2026-08-26,1,592,Ouattara,DEF,12,a,,,,,1.0,,,1,1,607,,,207,,,
2026-08-26,1,593,David,FWD,5,a,,,,,0.0,,,0,0,111,,,593,,,
2026-08-26,1,594,Gozo,MID,8,a,,,,,0.0,,,0,0,393,,,532,,,
2026-08-26,1,595,Dedić,DEF,17,a,,,,,1.0,,,1,1,527,,,161,,,
2026-08-26,1,596,Ruggeri,DEF,2,a,,,,,1.0,,,1,1,531,,,262,,,
2026-08-26,1,597,Suzuki,GKP,2,a,,,,,0.0,,,0,0,396,,,485,,,
2026-08-26,1,598,Cherif,FWD,7,a,,,,,0.0,,,0,0,395,,,537,,,
2026-08-26,1,599,Elvedi,DEF,13,a,,,,,0.0,,,0,0,528,,,366,,,
2026-08-26,1,600,Osman,MID,5,a,,,,,1.0,,,1,1,397,,,157,,,
2026-08-26,1,601,Humphreys,MID,12,a,,,,,0.0,,,0,0,535,,,408,,,
2026-08-26,1,602,Lienou,DEF,13,a,,,,,0.0,,,0,0,608,,,349,,,
2026-08-26,1,603,Cresswell,MID,13,a,,,,,0.0,,,0,0,533,,,427,,,
2026-08-26,1,604,Williams-Barnett,MID,19,a,,,,,0.0,,,0,0,532,,,432,,,
2026-08-26,1,605,Rowe,DEF,2,a,,,,,0.0,,,0,0,610,,,340,,,
2026-08-26,1,606,Lynch,MID,2,a,,,,,0.0,,,0,0,536,,,422,,,
2026-08-26,1,607,Jebbison,FWD,3,a,,,,,1.0,,,1,1,398,,,171,,,
2026-08-26,1,608,Yalcouyé,MID,5,a,,,,,1.0,,,1,1,534,,,275,,,
2026-08-26,1,609,Shahar,DEF,17,a,,,,,0.0,,,0,0,606,,,339,,,
2026-08-26,1,610,De Fougerolles,DEF,10,a,,,,,0.0,,,0,0,611,,,337,,,
2026-08-26,1,611,Wan-Bissaka,DEF,2,a,,,,,0.0,,,0,0,538,,,372,,,
2026-08-26,1,612,Methalie,DEF,20,a,,,,,0.0,,,0,0,537,,,437,,,
2026-08-27,1,1,Raya,GKP,1,a,,,,,6.0,,,6,6,59,,,231,,,
2026-08-27,1,2,Arrizabalaga,GKP,1,a,,,,,0.0,,,0,0,333,,,451,,,
2026-08-27,1,3,Meslier,GKP,1,a,,,,,0.0,,,0,0,337,,,489,,,
2026-08-27,1,4,Gabriel,DEF,1,a,,,,,5.0,,,5,5,7,,,240,,,
2026-08-27,1,5,J.Timber,DEF,1,i,Groin injury - Unknown return date,2026-07-23T12:01:23.272929Z,0,0,0.0,,,0,0,36,,,606,,,
2026-08-27,1,6,Saliba,DEF,1,i,Back injury - Unknown return date,2026-07-23T12:01:23.289376Z,0,0,0.0,,,0,0,66,,,592,,,
2026-08-27,1,7,Lewis-Skelly,MID,1,a,,,,,3.0,,,3,3,184,,,101,,,
2026-08-27,1,8,Calafiori,DEF,1,a,,,,,9.0,,,9,9,132,,,98,,,
2026-08-27,1,9,Hincapie,DEF,1,a,,,,,1.0,,,1,1,141,,,292,,,
2026-08-27,1,10,White,DEF,1,a,,2026-07-23T12:01:23.305229Z,100,100,11.0,,,11,11,172,,,41,,,
2026-08-27,1,11,Mosquera,DEF,1,a,,,,,6.0,,,6,6,179,,,210,,,
2026-08-27,1,12,Saka,MID,1,a,,,,,9.0,,,9,9,3,,,12,,,
2026-08-27,1,13,Rice,MID,1,a,,,,,3.0,,,3,3,13,,,213,,,
2026-08-27,1,14,Eze,MID,1,a,,,,,1.0,,,1,1,41,,,294,,,
2026-08-27,1,15,Ødegaard,MID,1,a,,,,,11.0,,,11,11,44,,,6,,,
2026-08-27,1,16,Madueke,MID,1,a,,,,,1.0,,,1,1,45,,,70,,,
2026-08-27,1,17,Merino,MID,1,a,,,,,1.0,,,1,1,94,,,186,,,
2026-08-27,1,18,Martinelli,MID,1,a,,,,,0.0,,,0,0,49,,,602,,,
2026-08-27,1,19,Zubimendi,MID,1,a,,,,,1.0,,,1,1,119,,,253,,,
2026-08-27,1,20,Dowman,MID,1,a,,,,,0.0,,,0,0,193,,,545,,,
2026-08-27,1,21,Nørgaard,MID,9,i,Unspecified injury - Unknown return date,2026-08-15T20:00:06.779594Z,0,0,0.0,,,0,0,324,,,454,,,
2026-08-27,1,22,Nwaneri,MID,1,a,,,,,0.0,,,0,0,200,,,575,,,
2026-08-27,1,23,Fábio Vieira,MID,1,a,,,,,0.0,,,0,0,202,,,562,,,
2026-08-27,1,24,Nelson,MID,1,a,,,,,0.0,,,0,0,197,,,553,,,
2026-08-27,1,25,Gyökeres,FWD,1,a,,,,,0.0,,,0,0,17,,,612,,,
2026-08-27,1,26,Havertz,FWD,1,a,,,,,6.0,,,6,6,22,,,38,,,
2026-08-27,1,27,G.Jesus,FWD,1,a,,,,,0.0,,,0,0,105,,,588,,,
2026-08-27,1,28,Martinez,GKP,2,a,,,,,0.0,,,0,0,236,,,448,,,
2026-08-27,1,29,M.Bizot,GKP,2,a,,,,,1.0,,,1,1,454,,,138,,,
2026-08-27,1,30,Digne,DEF,2,u,Has joined Paris Saint-Germain permanently,2026-08-10T14:03:30.089007Z,0,0,0.0,,,0,0,413,,,354,,,
2026-08-27,1,31,Konsa,DEF,1,a,,,,,0.0,,,0,0,411,,,369,,,
2026-08-27,1,32,Cash,DEF,2,a,,,,,-1.0,,,-1,-1,405,,,222,,,
2026-08-27,1,33,Mings,DEF,2,a,,,,,1.0,,,1,1,435,,,280,,,
2026-08-27,1,34,Pau,DEF,2,a,,,,,0.0,,,0,0,428,,,386,,,
2026-08-27,1,35,Bogarde,MID,2,a,,,,,1.0,,,1,1,294,,,277,,,
2026-08-27,1,36,Maatsen,DEF,2,a,,,,,0.0,,,0,0,432,,,223,,,
2026-08-27,1,37,Lindelöf,DEF,2,a,,,,,-2.0,,,-2,-2,446,,,281,,,
2026-08-27,1,38,A.García,DEF,2,a,,,,,0.0,,,0,0,548,,,346,,,
2026-08-27,1,39,Nedeljkovic,DEF,2,u,Has joined Rangers on loan for the rest of the season,2026-08-19T13:56:46.385411Z,0,0,0.0,,,0,0,557,,,344,,,
2026-08-27,1,40,Rogers,MID,6,a,,,,,8.0,,,8,8,15,,,3,,,
2026-08-27,1,41,Buendía,MID,2,a,,,,,2.0,,,2,2,81,,,167,,,
2026-08-27,1,42,Guessand,MID,8,a,,,,,1.0,,,1,1,174,,,230,,,
2026-08-27,1,43,Tielemans,MID,16,a,,2026-07-23T12:01:23.321726Z,100,100,2.0,,,2,2,93,,,182,,,
2026-08-27,1,44,Bailey,MID,2,a,,,,,0.0,,,0,0,189,,,557,,,
2026-08-27,1,45,McGinn,MID,2,a,,,,,1.0,,,1,1,135,,,258,,,
2026-08-27,1,46,Barkley,MID,2,a,,,,,2.0,,,2,2,279,,,107,,,
2026-08-27,1,47,Kamara,MID,2,a,,2026-07-23T12:01:23.337269Z,100,100,2.0,,,2,2,275,,,218,,,
2026-08-27,1,48,Onana,MID,2,i,Knee injury - Unknown return date,2026-07-23T12:01:23.352497Z,0,0,0.0,,,0,0,261,,,497,,,
2026-08-27,1,49,Iling Jr,MID,2,u,Has joined Bolton Wanderers on loan for the rest of the season,2026-08-17T13:52:28.532616Z,0,0,0.0,,,0,0,338,,,503,,,
2026-08-27,1,50,Burrowes,MID,2,a,,,,,0.0,,,0,0,477,,,440,,,
2026-08-27,1,51,George Hemmings,MID,2,a,,,,,2.0,,,2,2,470,,,154,,,
2026-08-27,1,52,Alysson,MID,2,a,,,,,1.0,,,1,1,329,,,267,,,
2026-08-27,1,53,Manzambi,MID,2,i,Knee injury - Unknown return date,2026-08-15T15:30:06.388335Z,0,0,0.0,,,0,0,106,,,601,,,
2026-08-27,1,54,Gomes,MID,2,s,Suspended until 19 Sep,2026-08-23T17:30:08.367415Z,0,0,-2.0,,,-2,-2,144,,,228,,,
2026-08-27,1,55,Watkins,FWD,2,a,,,,,0.0,,,0,0,10,,,616,,,
2026-08-27,1,56,Abraham,FWD,2,d,Knock - 75% chance of playing,2026-08-15T16:00:07.558543Z,75,75,0.0,,,0,0,187,,,547,,,
2026-08-27,1,57,Petrović,GKP,3,a,,,,,2.0,,,2,2,402,,,111,,,
2026-08-27,1,58,Forster,GKP,3,a,,,,,0.0,,,0,0,558,,,297,,,
2026-08-27,1,59,Dennis,GKP,3,u,Has joined MK Dons permanently,2026-08-27T14:53:48.692835Z,,0,0.0,,,0,0,559,,,320,,,
2026-08-27,1,60,Hill,DEF,3,a,,,,,1.0,,,1,1,130,,,229,,,
2026-08-27,1,61,Truffert,DEF,3,a,,,,,1.0,,,1,1,112,,,200,,,
2026-08-27,1,62,Diakité,DEF,3,a,,,,,0.0,,,0,0,290,,,484,,,
2026-08-27,1,63,Milosavljević,DEF,3,i,Unspecified injury - Unknown return date,2026-08-06T10:00:10.456051Z,0,0,0.0,,,0,0,308,,,539,,,
2026-08-27,1,64,Smith,DEF,3,a,,,,,1.0,,,1,1,430,,,242,,,
2026-08-27,1,65,J.Araujo,DEF,3,i,Thigh injury - Unknown return date,2026-08-09T08:00:05.645826Z,0,0,0.0,,,0,0,486,,,388,,,
2026-08-27,1,66,Soler,DEF,3,d,Hamstring injury - 75% chance of playing,2026-08-15T16:30:07.021055Z,75,75,0.0,,,0,0,549,,,341,,,
2026-08-27,1,67,Rayan,MID,3,a,,,,,2.0,,,2,2,47,,,117,,,
2026-08-27,1,68,Tavernier,MID,3,a,,,,,10.0,,,10,10,67,,,36,,,
2026-08-27,1,69,Scott,MID,3,a,,,,,2.0,,,2,2,69,,,205,,,
2026-08-27,1,70,Kluivert,MID,3,a,,,,,3.0,,,3,3,100,,,99,,,
2026-08-27,1,71,Cook,MID,3,a,,,,,3.0,,,3,3,295,,,245,,,
2026-08-27,1,72,Gannon-Doak,MID,3,a,,,,,1.0,,,1,1,320,,,282,,,
2026-08-27,1,73,Adams,MID,3,a,,2026-08-15T16:30:07.029928Z,75,100,1.0,,,1,1,260,,,263,,,
2026-08-27,1,74,Brooks,MID,3,a,,2026-08-15T16:30:07.037929Z,75,100,0.0,,,0,0,277,,,452,,,
2026-08-27,1,75,Christie,MID,3,a,,2026-07-24T17:30:10.035483Z,0,100,0.0,,,0,0,288,,,459,,,
2026-08-27,1,76,Tóth.A,MID,3,a,,,,,1.0,,,1,1,322,,,278,,,
2026-08-27,1,77,Adli,MID,3,i,Unspecified injury - Unknown return date,2026-08-15T16:00:07.590566Z,0,0,0.0,,,0,0,268,,,510,,,
2026-08-27,1,78,Kroupi.Jr,MID,3,i,Foot injury - Unknown return date,2026-07-29T17:30:09.796802Z,0,0,0.0,,,0,0,21,,,615,,,
2026-08-27,1,79,Evanilson,FWD,3,a,,,,,4.0,,,4,4,76,,,124,,,
2026-08-27,1,80,Enes Ünal,FWD,3,u,Has joined Getafe permanently,2026-08-14T14:14:21.881112Z,0,0,0.0,,,0,0,185,,,546,,,
2026-08-27,1,81,Rodríguez,FWD,3,a,,2026-08-15T16:30:07.054142Z,75,100,0.0,,,0,0,107,,,598,,,
2026-08-27,1,82,Kelleher,GKP,4,a,,,,,7.0,,,7,7,227,,,128,,,
2026-08-27,1,83,Valdimarsson,GKP,4,a,,,,,0.0,,,0,0,478,,,404,,,
2026-08-27,1,84,Collins,DEF,4,a,,,,,6.0,,,6,6,120,,,77,,,
2026-08-27,1,85,Van den Berg,DEF,4,i,Groin injury - Unknown return date,2026-08-15T15:30:06.416627Z,0,0,0.0,,,0,0,240,,,494,,,
2026-08-27,1,86,Lewis-Potter,MID,4,a,,,,,10.0,,,10,10,125,,,29,,,
2026-08-27,1,87,Ajer,DEF,4,a,,,,,8.0,,,8,8,422,,,60,,,
2026-08-27,1,88,Kayode,DEF,4,a,,,,,13.0,,,13,13,406,,,31,,,
2026-08-27,1,89,Henry,DEF,4,a,,,,,0.0,,,0,0,434,,,368,,,
2026-08-27,1,90,Hickey,DEF,4,a,,,,,1.0,,,1,1,443,,,393,,,
2026-08-27,1,91,Pinnock,DEF,4,a,,,,,0.0,,,0,0,457,,,378,,,
2026-08-27,1,92,Ji-soo,DEF,4,a,,,,,0.0,,,0,0,487,,,423,,,
2026-08-27,1,93,Schuster,DEF,4,a,,,,,0.0,,,0,0,488,,,406,,,
2026-08-27,1,94,Schade,MID,4,a,,,,,3.0,,,3,3,73,,,28,,,
2026-08-27,1,95,O.Dango,MID,4,a,,,,,3.0,,,3,3,37,,,85,,,
2026-08-27,1,96,Damsgaard,MID,4,a,,,,,1.0,,,1,1,127,,,120,,,
2026-08-27,1,97,Jensen,MID,4,a,,,,,6.0,,,6,6,137,,,43,,,
2026-08-27,1,98,Janelt,MID,4,a,,,,,9.0,,,9,9,263,,,8,,,
2026-08-27,1,99,Milambo,MID,4,i,Knee injury - Unknown return date,2026-07-23T12:01:23.384798Z,0,0,0.0,,,0,0,335,,,528,,,
2026-08-27,1,100,Carvalho,MID,4,a,,2026-08-18T13:58:17.442072Z,75,100,0.0,,,0,0,312,,,485,,,
2026-08-27,1,101,Henderson,MID,6,d,Wrist injury - 75% chance of playing,2026-08-09T09:30:07.136250Z,75,75,0.0,,,0,0,262,,,444,,,
2026-08-27,1,102,Yarmoliuk,MID,4,a,,,,,1.0,,,1,1,246,,,252,,,
2026-08-27,1,103,Dasilva,MID,4,a,,,,,0.0,,,0,0,334,,,465,,,
2026-08-27,1,104,Onyeka,MID,7,a,,,,,2.0,,,2,2,317,,,255,,,
2026-08-27,1,105,Anthony,MID,4,a,,,,,1.0,,,1,1,108,,,84,,,
2026-08-27,1,106,Thiago,FWD,4,a,,,,,0.0,,,0,0,9,,,221,,,
2026-08-27,1,107,Furo,FWD,4,a,,,,,0.0,,,0,0,479,,,430,,,
2026-08-27,1,108,Wilson,FWD,4,a,,,,,1.0,,,1,1,203,,,192,,,
2026-08-27,1,109,Verbruggen,GKP,5,a,,,,,6.0,,,6,6,401,,,244,,,
2026-08-27,1,110,Rushworth,GKP,7,a,,,,,1.0,,,1,1,489,,,215,,,
2026-08-27,1,111,Steele,GKP,5,a,,,,,0.0,,,0,0,560,,,298,,,
2026-08-27,1,112,Van Hecke,DEF,19,a,,,,,1.0,,,1,1,226,,,122,,,
2026-08-27,1,113,F.Kadıoğlu,DEF,5,d,Unspecified injury - 75% chance of playing,2026-08-23T13:00:07.595211Z,,75,0.0,,,0,0,404,,,379,,,
2026-08-27,1,114,Boscagli,DEF,5,a,,,,,6.0,,,6,6,439,,,133,,,
2026-08-27,1,115,De Cuyper,DEF,5,a,,,,,17.0,,,17,17,419,,,4,,,
2026-08-27,1,116,Dunk,DEF,5,a,,,,,6.0,,,6,6,412,,,175,,,
2026-08-27,1,117,Coppola,DEF,5,a,,,,,0.0,,,0,0,462,,,416,,,
2026-08-27,1,118,Igor,DEF,5,a,,,,,0.0,,,0,0,465,,,376,,,
2026-08-27,1,119,Costinha,DEF,5,a,,,,,1.0,,,1,1,490,,,139,,,
2026-08-27,1,120,Svoboda,DEF,5,a,,,,,0.0,,,0,0,339,,,499,,,
2026-08-27,1,121,Mitoma,MID,5,i,Hamstring injury - Unknown return date,2026-07-24T18:30:10.661894Z,0,0,0.0,,,0,0,96,,,591,,,
2026-08-27,1,122,Minteh,MID,5,i,Leg injury - Expected back 28 Nov,2026-08-14T18:00:06.418033Z,0,0,0.0,,,0,0,75,,,599,,,
2026-08-27,1,123,Hinshelwood,MID,5,a,,,,,16.0,,,16,16,85,,,2,,,
2026-08-27,1,124,Groß,MID,5,a,,,,,2.0,,,2,2,153,,,26,,,
2026-08-27,1,125,Georginio,FWD,5,d,Unspecified injury - 75% chance of playing,2026-08-26T16:00:07.608056Z,,75,5.0,,,5,5,142,,,87,,,
2026-08-27,1,126,O'Riley,MID,5,a,,,,,0.0,,,0,0,194,,,558,,,
2026-08-27,1,127,Gomez,MID,5,a,,,,,6.0,,,6,6,248,,,13,,,
2026-08-27,1,128,Buonanotte,MID,5,u,Has joined Elche on loan for the rest of the season,2026-08-10T14:03:07.561436Z,0,0,0.0,,,0,0,330,,,527,,,
2026-08-27,1,129,Ayari,MID,5,a,,,,,2.0,,,2,2,138,,,201,,,
2026-08-27,1,130,Wieffer,DEF,5,a,,,,,7.0,,,7,7,251,,,80,,,
2026-08-27,1,131,Baleba,MID,16,i,Ankle injury - Unknown return date,2026-08-06T16:00:10.997714Z,0,0,0.0,,,0,0,280,,,523,,,
2026-08-27,1,132,Howell,MID,5,u,Has joined Leicester City on loan for the rest of the season,2026-08-17T13:53:19.019938Z,0,0,0.0,,,0,0,468,,,432,,,
2026-08-27,1,133,Watson,MID,5,u,Has joined Leicester City on loan for the rest of the season,2026-08-03T14:05:44.459483Z,0,0,0.0,,,0,0,326,,,530,,,
2026-08-27,1,134,Oriola,MID,5,a,,,,,0.0,,,0,0,480,,,419,,,
2026-08-27,1,135,Yohanna,MID,5,a,,,,,1.0,,,1,1,340,,,284,,,
2026-08-27,1,136,Welbeck,FWD,6,a,,2026-08-20T14:00:07.949090Z,75,100,0.0,,,0,0,72,,,587,,,
2026-08-27,1,137,Tzimas,FWD,5,i,Knee injury - Unknown return date,2026-07-23T12:01:23.432796Z,0,0,0.0,,,0,0,195,,,582,,,
2026-08-27,1,138,Kostoulas,FWD,5,a,,,,,1.0,,,1,1,182,,,237,,,
2026-08-27,1,139,Ferguson,FWD,5,i,Ankle injury - Expected back 10 Oct,2026-07-23T12:01:23.448357Z,0,0,0.0,,,0,0,341,,,508,,,
2026-08-27,1,140,Sánchez,GKP,6,a,,,,,2.0,,,2,2,241,,,170,,,
2026-08-27,1,141,Jörgensen,GKP,6,u,Has joined RC Strasbourg on loan for the rest of the season,2026-08-12T14:07:02.607115Z,0,0,0.0,,,0,0,321,,,521,,,
2026-08-27,1,142,James,DEF,6,a,,,,,0.0,,,0,0,126,,,54,,,
2026-08-27,1,143,Chalobah,DEF,6,u,Has joined Como permanently,2026-08-10T14:03:50.769483Z,0,0,0.0,,,0,0,114,,,550,,,
2026-08-27,1,144,Gusto,DEF,6,a,,,,,1.0,,,1,1,249,,,162,,,
2026-08-27,1,145,Fofana,DEF,6,a,,2026-07-23T12:01:23.464591Z,0,100,0.0,,,0,0,272,,,493,,,
2026-08-27,1,146,B.Badiashile,DEF,6,u,Has joined Napoli on loan for the rest of the season,2026-08-25T14:03:47.079414Z,,0,0.0,,,0,0,463,,,383,,,
2026-08-27,1,147,Tosin,DEF,6,a,,,,,0.0,,,0,0,444,,,358,,,
2026-08-27,1,148,Hato,DEF,6,a,,,,,1.0,,,1,1,452,,,125,,,
2026-08-27,1,149,Colwill,DEF,6,a,,,,,0.0,,,0,0,323,,,208,,,
2026-08-27,1,150,M.Sarr,DEF,6,a,,,,,0.0,,,0,0,469,,,425,,,
2026-08-27,1,151,Acheampong,DEF,6,a,,,,,3.0,,,3,3,440,,,112,,,
2026-08-27,1,152,Palestra,DEF,6,d,Unspecified injury - 75% chance of playing,2026-08-24T18:30:07.421239Z,,75,0.0,,,0,0,204,,,583,,,
2026-08-27,1,153,Disasi,DEF,6,a,,,,,0.0,,,0,0,491,,,374,,,
2026-08-27,1,154,Palmer,MID,6,a,,2026-08-24T22:00:07.971542Z,,100,13.0,,,13,13,4,,,1,,,
2026-08-27,1,155,Enzo,MID,6,a,,,,,1.0,,,1,1,24,,,212,,,
2026-08-27,1,156,Neto,MID,6,a,,,,,1.0,,,1,1,38,,,227,,,
2026-08-27,1,157,Estêvão,MID,6,a,,,,,1.0,,,1,1,48,,,295,,,
2026-08-27,1,158,Gittens,MID,6,a,,,,,0.0,,,0,0,104,,,593,,,
2026-08-27,1,159,Caicedo,MID,6,d,Unspecified injury - 75% chance of playing,2026-08-24T18:30:07.431154Z,,75,0.0,,,0,0,131,,,573,,,
2026-08-27,1,160,Garnacho,MID,2,a,,,,,1.0,,,1,1,97,,,595,,,
2026-08-27,1,161,Lavia,MID,6,a,,,,,1.0,,,1,1,313,,,44,,,
2026-08-27,1,162,Andrey Santos,MID,16,a,,,,,2.0,,,2,2,289,,,191,,,
2026-08-27,1,163,D.Essugo,MID,6,a,,,,,0.0,,,0,0,481,,,396,,,
2026-08-27,1,164,Quenda,MID,6,a,,2026-07-24T20:30:10.609931Z,100,100,1.0,,,1,1,205,,,270,,,
2026-08-27,1,165,João Pedro,FWD,6,a,,,,,11.0,,,11,11,14,,,11,,,
2026-08-27,1,166,N.Jackson,FWD,6,a,,,,,0.0,,,0,0,52,,,609,,,
2026-08-27,1,167,Delap,FWD,6,a,,,,,0.0,,,0,0,173,,,567,,,
2026-08-27,1,168,Marc Guiu,FWD,6,a,,,,,0.0,,,0,0,314,,,518,,,
2026-08-27,1,169,Mheuka,FWD,6,a,,,,,0.0,,,0,0,482,,,422,,,
2026-08-27,1,170,Emegha,FWD,6,a,,2026-07-24T20:30:10.622380Z,100,100,0.0,,,0,0,342,,,520,,,
2026-08-27,1,171,Dovin,GKP,7,a,,,,,0.0,,,0,0,561,,,326,,,
2026-08-27,1,172,Wilson,GKP,7,a,,,,,0.0,,,0,0,492,,,359,,,
2026-08-27,1,173,Thomas,DEF,7,a,,,,,3.0,,,3,3,562,,,115,,,
2026-08-27,1,174,Kitching,DEF,7,a,,,,,0.0,,,0,0,563,,,319,,,
2026-08-27,1,175,van Ewijk,DEF,7,a,,,,,1.0,,,1,1,564,,,206,,,
2026-08-27,1,176,Dasilva,DEF,7,a,,,,,1.0,,,1,1,565,,,188,,,
2026-08-27,1,177,Kesler-Hayden,DEF,7,i,Hamstring injury - Unknown return date,2026-08-27T14:56:28.704361Z,,0,0.0,,,0,0,566,,,324,,,
2026-08-27,1,178,Bidwell,DEF,7,a,,,,,0.0,,,0,0,567,,,301,,,
2026-08-27,1,179,Latibeaudiere,DEF,7,a,,,,,0.0,,,0,0,568,,,312,,,
2026-08-27,1,180,Woolfenden,DEF,7,i,Knee injury - Unknown return date,2026-08-27T14:56:28.718566Z,,0,0.0,,,0,0,569,,,315,,,
2026-08-27,1,181,Brau,DEF,7,a,,,,,0.0,,,0,0,570,,,342,,,
2026-08-27,1,182,Amenda,DEF,7,a,,,,,1.0,,,1,1,571,,,129,,,
2026-08-27,1,183,Rudoni,MID,7,a,,2026-07-23T12:01:23.481435Z,100,100,1.0,,,1,1,343,,,148,,,
2026-08-27,1,184,Grimes,MID,7,a,,,,,2.0,,,2,2,344,,,197,,,
2026-08-27,1,185,Sakamoto,MID,7,a,,,,,0.0,,,0,0,345,,,519,,,
2026-08-27,1,186,Mason-Clark,MID,7,a,,2026-08-19T18:00:08.310507Z,100,100,0.0,,,0,0,206,,,560,,,
2026-08-27,1,187,Eccles,MID,7,a,,,,,0.0,,,0,0,346,,,491,,,
2026-08-27,1,188,Torp,MID,7,a,,,,,1.0,,,1,1,207,,,163,,,
2026-08-27,1,189,Shepherd,MID,7,a,,,,,0.0,,,0,0,493,,,442,,,
2026-08-27,1,190,Tchaouna,MID,7,a,,,,,2.0,,,2,2,208,,,232,,,
2026-08-27,1,191,Borges Rodrigues,MID,7,a,,,,,0.0,,,0,0,494,,,398,,,
2026-08-27,1,192,Andrews,MID,7,a,,,,,0.0,,,0,0,495,,,437,,,
2026-08-27,1,193,Wright,FWD,7,i,Thigh injury - Unknown return date,2026-08-14T22:00:07.214508Z,0,0,0.0,,,0,0,209,,,549,,,
2026-08-27,1,194,Thomas-Asante,FWD,7,a,,,,,2.0,,,2,2,347,,,251,,,
2026-08-27,1,195,Simms,FWD,7,a,,,,,2.0,,,2,2,348,,,198,,,
2026-08-27,1,196,Markelo,FWD,7,u,Has joined Shabab Al-Ahli Dubai permanently,2026-08-17T13:53:55.791223Z,0,0,0.0,,,0,0,349,,,532,,,
2026-08-27,1,197,Bassette,FWD,7,u,Has joined KVC Westerlo on loan for the rest of the season,2026-07-28T12:58:50.001768Z,0,0,0.0,,,0,0,496,,,414,,,
2026-08-27,1,198,Henderson,GKP,8,a,,2026-08-20T14:00:08.018379Z,75,100,2.0,,,2,2,229,,,140,,,
2026-08-27,1,199,Benitez,GKP,8,a,,,,,0.0,,,0,0,464,,,360,,,
2026-08-27,1,200,Lacroix,DEF,6,a,,,,,6.0,,,6,6,61,,,58,,,
2026-08-27,1,201,Muñoz,DEF,8,a,,,,,0.0,,,0,0,115,,,159,,,
2026-08-27,1,202,Richards,DEF,8,a,,,,,3.0,,,3,3,231,,,95,,,
2026-08-27,1,203,Canvot,DEF,8,a,,,,,1.0,,,1,1,264,,,109,,,
2026-08-27,1,204,Mitchell,DEF,8,a,,,,,1.0,,,1,1,400,,,143,,,
2026-08-27,1,205,Sosa,DEF,8,a,,,,,0.0,,,0,0,466,,,373,,,
2026-08-27,1,206,Chadi Riad,DEF,8,i,Knee injury - Unknown return date,2026-08-22T18:00:07.352049Z,,0,1.0,,,1,1,450,,,216,,,
2026-08-27,1,207,Mingueza,DEF,8,a,,,,,0.0,,,0,0,497,,,382,,,
2026-08-27,1,208,Sarr,MID,8,i,Groin injury - Unknown return date,2026-08-22T18:00:07.363165Z,,0,0.0,,,0,0,39,,,604,,,
2026-08-27,1,209,Johnson,MID,9,a,,,,,1.0,,,1,1,95,,,272,,,
2026-08-27,1,210,Wharton,MID,8,a,,2026-07-23T12:01:23.498963Z,100,100,4.0,,,4,4,129,,,82,,,
2026-08-27,1,211,Yeremy,MID,8,a,,,,,1.0,,,1,1,154,,,220,,,
2026-08-27,1,212,Hughes,MID,8,a,,,,,0.0,,,0,0,436,,,356,,,
2026-08-27,1,213,Lerma,MID,8,a,,,,,0.0,,,0,0,266,,,457,,,
2026-08-27,1,214,Kamada,MID,8,a,,,,,3.0,,,3,3,269,,,75,,,
2026-08-27,1,215,Devenny,MID,8,a,,,,,0.0,,,0,0,298,,,509,,,
2026-08-27,1,216,Esse,MID,8,a,,,,,0.0,,,0,0,328,,,538,,,
2026-08-27,1,217,M.França,MID,8,a,,,,,0.0,,,0,0,350,,,526,,,
2026-08-27,1,218,Doucouré,MID,8,a,,,,,0.0,,,0,0,351,,,490,,,
2026-08-27,1,219,J.Rak-Sakyi,MID,8,a,,,,,0.0,,,0,0,352,,,498,,,
2026-08-27,1,220,Cardines,DEF,8,u,Has joined Bristol City on loan for the rest of the season,2026-08-12T14:08:46.501813Z,0,0,0.0,,,0,0,471,,,427,,,
2026-08-27,1,221,Drakes-Thomas,MID,8,a,,,,,0.0,,,0,0,472,,,441,,,
2026-08-27,1,222,Strand Larsen,FWD,8,a,,,,,1.0,,,1,1,92,,,168,,,
2026-08-27,1,223,Mateta,FWD,8,a,,,,,2.0,,,2,2,40,,,153,,,
2026-08-27,1,224,Nketiah,FWD,8,a,,,,,1.0,,,1,1,188,,,56,,,
2026-08-27,1,225,Uche,FWD,8,u,has returned to Getafe CF,2026-07-23T12:18:56.275922Z,0,0,0.0,,,0,0,309,,,542,,,
2026-08-27,1,226,Pickford,GKP,9,a,,,,,7.0,,,7,7,116,,,127,,,
2026-08-27,1,227,Travers,GKP,9,a,,,,,0.0,,,0,0,353,,,479,,,
2026-08-27,1,228,King,GKP,9,a,,,,,0.0,,,0,0,498,,,362,,,
2026-08-27,1,229,Tarkowski,DEF,9,a,,,,,6.0,,,6,6,58,,,181,,,
2026-08-27,1,230,Branthwaite,DEF,9,a,,,,,6.0,,,6,6,183,,,152,,,
2026-08-27,1,231,Keane,DEF,9,a,,,,,0.0,,,0,0,230,,,449,,,
2026-08-27,1,232,O'Brien,DEF,9,a,,,,,0.0,,,0,0,237,,,522,,,
2026-08-27,1,233,Mykolenko,DEF,9,a,,,,,6.0,,,6,6,415,,,135,,,
2026-08-27,1,234,Patterson,DEF,9,a,,,,,0.0,,,0,0,449,,,385,,,
2026-08-27,1,235,Aznou,DEF,9,a,,,,,0.0,,,0,0,572,,,329,,,
2026-08-27,1,236,Dewsbury-Hall,MID,9,a,,,,,11.0,,,11,11,35,,,16,,,
2026-08-27,1,237,Ndiaye,MID,9,a,,,,,9.0,,,9,9,71,,,5,,,
2026-08-27,1,238,Grealish,MID,15,a,,2026-07-29T10:00:10.492904Z,100,100,1.0,,,1,1,42,,,287,,,
2026-08-27,1,239,Garner,MID,9,a,,2026-07-25T14:30:10.455878Z,25,100,1.0,,,1,1,60,,,187,,,
2026-08-27,1,240,Iroegbunam,MID,9,i,Thigh injury - Unknown return date,2026-08-15T20:00:06.878792Z,0,0,0.0,,,0,0,267,,,511,,,
2026-08-27,1,241,McNeil,MID,8,a,,,,,2.0,,,2,2,167,,,204,,,
2026-08-27,1,242,George,MID,9,a,,,,,3.0,,,3,3,196,,,65,,,
2026-08-27,1,243,Alcaraz,MID,9,a,,,,,1.0,,,1,1,305,,,165,,,
2026-08-27,1,244,Armstrong,MID,9,a,,,,,8.0,,,8,8,307,,,81,,,
2026-08-27,1,245,Dibling,MID,9,a,,,,,0.0,,,0,0,190,,,574,,,
2026-08-27,1,246,Röhl,MID,9,a,,,,,3.0,,,3,3,299,,,136,,,
2026-08-27,1,247,Hackney,MID,9,d,Knock - 75% chance of playing,2026-08-26T22:00:07.797766Z,,75,3.0,,,3,3,210,,,149,,,
2026-08-27,1,248,Beto,FWD,9,a,,,,,1.0,,,1,1,134,,,285,,,
2026-08-27,1,249,Barry,FWD,9,a,,,,,8.0,,,8,8,139,,,15,,,
2026-08-27,1,250,Leno,GKP,10,a,,,,,2.0,,,2,2,403,,,130,,,
2026-08-27,1,251,Lecomte,GKP,10,a,,,,,0.0,,,0,0,573,,,302,,,
2026-08-27,1,252,McNally,GKP,10,a,,,,,0.0,,,0,0,574,,,332,,,
2026-08-27,1,253,Andersen,DEF,10,a,,2026-07-23T12:01:23.516350Z,0,100,0.0,,,0,0,235,,,463,,,
2026-08-27,1,254,Robinson,DEF,10,a,,,,,1.0,,,1,1,427,,,74,,,
2026-08-27,1,255,J.Cuenca,DEF,10,a,,,,,3.0,,,3,3,441,,,66,,,
2026-08-27,1,256,Tete,DEF,10,a,,,,,0.0,,,0,0,420,,,364,,,
2026-08-27,1,257,Bassey,DEF,10,a,,,,,0.0,,,0,0,410,,,176,,,
2026-08-27,1,258,Castagne,DEF,10,a,,,,,6.0,,,6,6,429,,,22,,,
2026-08-27,1,259,Diop,DEF,12,a,,,,,2.0,,,2,2,544,,,234,,,
2026-08-27,1,260,Wilson,MID,13,a,,,,,3.0,,,3,3,33,,,150,,,
2026-08-27,1,261,Iwobi,MID,10,a,,,,,2.0,,,2,2,136,,,158,,,
2026-08-27,1,262,Smith Rowe,MID,10,a,,,,,0.0,,,0,0,151,,,556,,,
2026-08-27,1,263,Kevin,MID,10,a,,,,,1.0,,,1,1,169,,,248,,,
2026-08-27,1,264,Bobb,MID,10,a,,,,,2.0,,,2,2,177,,,132,,,
2026-08-27,1,265,Berge,MID,10,a,,,,,2.0,,,2,2,253,,,91,,,
2026-08-27,1,266,Cairney,MID,10,i,Knee injury - Expected back 10 Oct,2026-08-14T18:00:06.460944Z,0,0,0.0,,,0,0,293,,,445,,,
2026-08-27,1,267,Lukić,MID,12,a,,,,,5.0,,,5,5,270,,,102,,,
2026-08-27,1,268,King,MID,10,a,,,,,7.0,,,7,7,162,,,14,,,
2026-08-27,1,269,Sessegnon,DEF,10,a,,,,,1.0,,,1,1,416,,,147,,,
2026-08-27,1,270,Reed,MID,10,a,,,,,0.0,,,0,0,456,,,363,,,
2026-08-27,1,271,Muniz,FWD,10,a,,,,,1.0,,,1,1,181,,,151,,,
2026-08-27,1,272,Kusi-Asare,FWD,10,a,,,,,0.0,,,0,0,467,,,438,,,
2026-08-27,1,273,Phillips,GKP,11,a,,,,,0.0,,,0,0,575,,,307,,,
2026-08-27,1,274,Butland,GKP,11,i,Arm injury - Unknown return date,2026-08-08T19:00:05.601633Z,0,0,0.0,,,0,0,499,,,355,,,
2026-08-27,1,275,Cartwright,GKP,11,u,Has joined Grimsby Town on loan for the rest of the season,2026-07-29T13:00:27.959925Z,0,0,0.0,,,0,0,576,,,328,,,
2026-08-27,1,276,Lo-Tutala,GKP,11,u,Has joined Colchester United on loan for the rest of the season,2026-08-17T13:50:27.125537Z,0,0,0.0,,,0,0,577,,,321,,,
2026-08-27,1,277,Egan,DEF,11,a,,,,,8.0,,,8,8,578,,,86,,,
2026-08-27,1,278,Hughes,DEF,11,i,Groin injury - Unknown return date,2026-08-02T09:00:11.030017Z,0,0,0.0,,,0,0,579,,,331,,,
2026-08-27,1,279,Ajayi,DEF,11,a,,2026-08-22T17:30:07.668197Z,,100,14.0,,,14,14,580,,,32,,,
2026-08-27,1,280,Coyle,DEF,11,a,,2026-08-22T17:30:07.685683Z,,100,6.0,,,6,6,581,,,196,,,
2026-08-27,1,281,Drameh,DEF,11,a,,2026-08-08T19:00:05.613036Z,100,100,1.0,,,1,1,582,,,273,,,
2026-08-27,1,282,Giles,DEF,11,a,,,,,6.0,,,6,6,583,,,110,,,
2026-08-27,1,283,Jacob,DEF,11,i,Hip injury - Expected back 5 Sep,2026-08-02T09:00:11.038361Z,0,0,0.0,,,0,0,584,,,322,,,
2026-08-27,1,284,McCarthy,DEF,11,a,,,,,0.0,,,0,0,585,,,351,,,
2026-08-27,1,285,McNair,DEF,11,a,,,,,1.0,,,1,1,586,,,261,,,
2026-08-27,1,286,Belloumi,MID,11,a,,,,,3.0,,,3,3,354,,,179,,,
2026-08-27,1,287,Millar,MID,11,a,,,,,0.0,,,0,0,355,,,265,,,
2026-08-27,1,288,Dowell,MID,11,a,,,,,0.0,,,0,0,500,,,365,,,
2026-08-27,1,289,Crooks,MID,11,a,,,,,2.0,,,2,2,501,,,169,,,
2026-08-27,1,290,Slater,MID,11,a,,,,,6.0,,,6,6,502,,,106,,,
2026-08-27,1,291,Matazo,MID,11,i,Knee injury - Unknown return date,2026-07-23T12:01:23.532635Z,0,0,0.0,,,0,0,503,,,391,,,
2026-08-27,1,292,Ömür,MID,11,a,,,,,0.0,,,0,0,356,,,468,,,
2026-08-27,1,293,Kamara,MID,11,u,Has joined Portsmouth permanently,2026-08-12T14:08:23.542043Z,0,0,0.0,,,0,0,357,,,512,,,
2026-08-27,1,294,Zambrano,MID,11,i,Thigh injury - Unknown return date,2026-08-04T18:30:11.016909Z,0,0,0.0,,,0,0,504,,,417,,,
2026-08-27,1,295,McBurnie,FWD,11,a,,,,,5.0,,,5,5,211,,,21,,,
2026-08-27,1,296,Akintola,MID,11,a,,,,,0.0,,,0,0,358,,,470,,,
2026-08-27,1,297,Gyabi,MID,11,i,Thigh injury - Unknown return date,2026-08-04T18:30:11.027155Z,0,0,0.0,,,0,0,505,,,392,,,
2026-08-27,1,298,Destan,FWD,11,u,Has joined Konyaspor permanently,2026-08-17T13:50:27.145733Z,0,0,0.0,,,0,0,506,,,403,,,
2026-08-27,1,299,Burstow,FWD,11,u,Has joined Sheffield Wednesday on loan for the rest of the season,2026-08-03T14:05:20.234842Z,0,0,0.0,,,0,0,507,,,411,,,
2026-08-27,1,300,Walton,GKP,12,a,,,,,0.0,,,0,0,508,,,357,,,
2026-08-27,1,301,Palmer,GKP,12,a,,,,,0.0,,,0,0,587,,,304,,,
2026-08-27,1,302,Button,GKP,12,a,,,,,0.0,,,0,0,588,,,299,,,
2026-08-27,1,303,Kipré,DEF,12,a,,,,,0.0,,,0,0,589,,,311,,,
2026-08-27,1,304,O'Shea,DEF,12,a,,,,,4.0,,,4,4,590,,,34,,,
2026-08-27,1,305,Davis,DEF,12,a,,,,,2.0,,,2,2,591,,,190,,,
2026-08-27,1,306,Greaves,DEF,12,a,,,,,2.0,,,2,2,592,,,189,,,
2026-08-27,1,307,Johnson,DEF,12,a,,,,,0.0,,,0,0,593,,,316,,,
2026-08-27,1,308,Furlong,DEF,12,a,,,,,0.0,,,0,0,594,,,310,,,
2026-08-27,1,309,Núñez,MID,12,a,,,,,4.0,,,4,4,359,,,155,,,
2026-08-27,1,310,Matusiwa,MID,12,i,Muscular injury - Unknown return date,2026-07-29T18:00:10.305484Z,0,0,0.0,,,0,0,360,,,483,,,
2026-08-27,1,311,Burns,MID,12,u,Has joined Leicester City permanently,2026-08-10T14:02:47.597478Z,0,0,0.0,,,0,0,361,,,456,,,
2026-08-27,1,312,Taylor,MID,12,i,Knee injury - Unknown return date,2026-07-29T18:00:10.319370Z,0,0,0.0,,,0,0,509,,,380,,,
2026-08-27,1,313,Clarke,MID,12,a,,,,,7.0,,,7,7,212,,,72,,,
2026-08-27,1,314,Ogbene,MID,12,a,,,,,0.0,,,0,0,362,,,478,,,
2026-08-27,1,315,Fatawu,MID,12,a,,,,,2.0,,,2,2,213,,,64,,,
2026-08-27,1,316,Emersonn,FWD,12,a,,,,,9.0,,,9,9,214,,,10,,,
2026-08-27,1,317,Hirst,FWD,12,u,Has joined Stoke City permanently,2026-08-21T13:06:08.606019Z,0,0,0.0,,,0,0,363,,,476,,,
2026-08-27,1,318,Philogene,MID,12,i,Ankle injury - Unknown return date,2026-08-25T11:30:07.532993Z,,0,0.0,,,0,0,218,,,572,,,
2026-08-27,1,319,Szmodics,MID,12,u,Has joined Derby County on loan for the rest of the season,2026-08-17T13:51:41.713979Z,0,0,0.0,,,0,0,364,,,462,,,
2026-08-27,1,320,Akpom,FWD,12,a,,,,,1.0,,,1,1,365,,,276,,,
2026-08-27,1,321,Walle Egeli,FWD,12,a,,,,,1.0,,,1,1,510,,,420,,,
2026-08-27,1,322,Al-Hamadi,FWD,12,u,Has joined Sheffield Wednesday on loan for the rest of the season,2026-08-27T14:54:10.215357Z,,0,0.0,,,0,0,366,,,501,,,
2026-08-27,1,323,McAteer,MID,12,a,,,,,1.0,,,1,1,511,,,274,,,
2026-08-27,1,324,Mehmeti,MID,12,a,,,,,0.0,,,0,0,367,,,481,,,
2026-08-27,1,325,Darlow,GKP,16,a,,2026-07-23T12:01:23.549136Z,75,100,0.0,,,0,0,424,,,352,,,
2026-08-27,1,326,Perri,GKP,13,a,,,,,0.0,,,0,0,437,,,370,,,
2026-08-27,1,327,Bijol,DEF,13,a,,,,,10.0,,,10,10,247,,,104,,,
2026-08-27,1,328,Struijk,DEF,5,a,,2026-08-15T20:30:07.523574Z,100,100,0.0,,,0,0,244,,,477,,,
2026-08-27,1,329,Rodon,DEF,13,a,,,,,6.0,,,6,6,409,,,118,,,
2026-08-27,1,330,Bogle,DEF,13,a,,,,,6.0,,,6,6,414,,,243,,,
2026-08-27,1,331,Gudmundsson,DEF,13,i,Hamstring injury - Unknown return date,2026-08-08T20:00:07.546568Z,0,0,0.0,,,0,0,425,,,384,,,
2026-08-27,1,332,Justin,DEF,13,a,,,,,10.0,,,10,10,417,,,134,,,
2026-08-27,1,333,Bornauw,DEF,13,u,Has joined Hamburg SV on loan for the rest of the season,2026-08-19T13:56:14.645970Z,0,0,0.0,,,0,0,448,,,389,,,
2026-08-27,1,334,Muharemović,DEF,13,a,,,,,6.0,,,6,6,368,,,123,,,
2026-08-27,1,335,Stach,MID,13,a,,,,,13.0,,,13,13,68,,,47,,,
2026-08-27,1,336,Okafor,MID,13,a,,,,,1.0,,,1,1,78,,,141,,,
2026-08-27,1,337,Aaronson,MID,13,a,,,,,3.0,,,3,3,121,,,203,,,
2026-08-27,1,338,Ampadu,MID,13,a,,,,,5.0,,,5,5,118,,,97,,,
2026-08-27,1,339,Longstaff,MID,13,a,,,,,1.0,,,1,1,281,,,464,,,
2026-08-27,1,340,Gelhardt,MID,11,i,Ankle injury - Expected back 5 Sep,2026-08-17T21:30:07.799839Z,0,0,0.0,,,0,0,369,,,502,,,
2026-08-27,1,341,Gnonto,MID,13,i,Hamstring injury - Unknown return date,2026-08-17T20:30:08.092366Z,0,0,0.0,,,0,0,304,,,516,,,
2026-08-27,1,342,Harrison,MID,13,u,Has joined New England Revolution permanently,2026-07-28T12:59:09.492431Z,0,0,0.0,,,0,0,318,,,473,,,
2026-08-27,1,343,James,MID,13,a,,,,,0.0,,,0,0,306,,,466,,,
2026-08-27,1,344,Gruev,MID,13,i,Knee injury - Unknown return date,2026-08-14T23:00:06.272027Z,0,0,0.0,,,0,0,282,,,507,,,
2026-08-27,1,345,Tanaka,MID,13,a,,,,,0.0,,,0,0,271,,,486,,,
2026-08-27,1,346,Calvert-Lewin,FWD,13,a,,,,,1.0,,,1,1,65,,,249,,,
2026-08-27,1,347,Nmecha,FWD,13,a,,,,,0.0,,,0,0,156,,,548,,,
2026-08-27,1,348,Piroe,FWD,13,u,Has joined West Ham United on loan for the rest of the season,2026-08-19T13:56:14.666726Z,0,0,0.0,,,0,0,310,,,482,,,
2026-08-27,1,349,Mateo Joseph,FWD,13,i,Knee injury - Unknown return date,2026-07-29T18:00:10.338170Z,0,0,0.0,,,0,0,512,,,421,,,
2026-08-27,1,350,A.Becker,GKP,14,a,,,,,2.0,,,2,2,140,,,193,,,
2026-08-27,1,351,Mamardashvili,GKP,14,a,,,,,0.0,,,0,0,301,,,496,,,
2026-08-27,1,352,Woodman,GKP,14,a,,,,,0.0,,,0,0,547,,,306,,,
2026-08-27,1,353,Pecsi,GKP,14,u,Has joined TSV Hartberg on loan for the rest of the season,2026-08-18T14:11:18.638344Z,0,0,0.0,,,0,0,595,,,345,,,
2026-08-27,1,354,Jaros,GKP,14,i,Knee injury - Unknown return date,2026-07-29T18:00:10.351066Z,0,0,0.0,,,0,0,596,,,318,,,
2026-08-27,1,355,Davies,GKP,14,a,,,,,0.0,,,0,0,597,,,323,,,
2026-08-27,1,356,Virgil,DEF,14,a,,,,,2.0,,,2,2,32,,,73,,,
2026-08-27,1,357,Frimpong,DEF,14,a,,,,,0.0,,,0,0,163,,,53,,,
2026-08-27,1,358,Kerkez,DEF,14,a,,,,,0.0,,,0,0,145,,,93,,,
2026-08-27,1,359,Gomez,DEF,14,i,Muscular injury - Unknown return date,2026-07-26T08:30:10.078473Z,0,0,0.0,,,0,0,303,,,461,,,
2026-08-27,1,360,Bradley,DEF,14,i,Knee injury - Unknown return date,2026-07-23T12:01:23.565711Z,0,0,0.0,,,0,0,292,,,515,,,
2026-08-27,1,361,Lucky,DEF,14,a,,,,,0.0,,,0,0,598,,,333,,,
2026-08-27,1,362,Jacquet,DEF,14,a,,2026-07-23T12:01:23.581126Z,100,100,1.0,,,1,1,370,,,156,,,
2026-08-27,1,363,Leoni,DEF,14,i,Knee injury - Unknown return date,2026-07-23T12:01:23.596909Z,0,0,0.0,,,0,0,599,,,350,,,
2026-08-27,1,364,Tsimikas,DEF,14,a,,,,,0.0,,,0,0,371,,,471,,,
2026-08-27,1,365,Ramsay,DEF,14,u,Has joined St Mirren on loan for the rest of the season,2026-08-26T14:05:26.748768Z,,0,0.0,,,0,0,600,,,327,,,
2026-08-27,1,366,Wirtz,MID,14,a,,,,,2.0,,,2,2,18,,,59,,,
2026-08-27,1,367,Gakpo,MID,14,a,,,,,12.0,,,12,12,26,,,9,,,
2026-08-27,1,368,Szoboszlai,MID,14,a,,,,,8.0,,,8,8,23,,,7,,,
2026-08-27,1,369,Ngumoha,MID,14,a,,,,,2.0,,,2,2,99,,,226,,,
2026-08-27,1,370,Chiesa,MID,14,i,Back injury - Unknown return date,2026-08-27T13:30:07.598926Z,,0,0.0,,,0,0,180,,,559,,,
2026-08-27,1,371,Gravenberch,MID,14,a,,,,,5.0,,,5,5,64,,,94,,,
2026-08-27,1,372,Mac Allister,MID,14,a,,,,,1.0,,,1,1,133,,,246,,,
2026-08-27,1,373,C.Jones,MID,14,d,Hip injury - 75% chance of playing,2026-08-16T18:30:07.426408Z,75,75,0.0,,,0,0,149,,,555,,,
2026-08-27,1,374,Endo,MID,14,a,,2026-07-23T12:01:23.612529Z,100,100,0.0,,,0,0,319,,,460,,,
2026-08-27,1,375,Nyoni,MID,14,a,,,,,0.0,,,0,0,325,,,537,,,
2026-08-27,1,376,Bajcetic,MID,14,i,Hamstring injury - Unknown return date,2026-07-23T12:01:23.628373Z,0,0,0.0,,,0,0,372,,,525,,,
2026-08-27,1,377,Munoz,MID,14,a,,,,,4.0,,,4,4,53,,,146,,,
2026-08-27,1,378,McConnell,MID,14,a,,,,,0.0,,,0,0,513,,,397,,,
2026-08-27,1,379,Isak,FWD,14,a,,,,,2.0,,,2,2,5,,,19,,,
2026-08-27,1,380,Ekitiké,FWD,14,i,Achilles injury - Unknown return date,2026-07-23T12:01:23.643771Z,0,0,0.0,,,0,0,19,,,614,,,
2026-08-27,1,381,Koumas,MID,14,a,,,,,1.0,,,1,1,373,,,236,,,
2026-08-27,1,382,Danns,FWD,14,i,Unspecified injury - Unknown return date,2026-07-23T12:01:23.659279Z,0,0,0.0,,,0,0,514,,,401,,,
2026-08-27,1,383,Elliott,MID,14,a,,,,,0.0,,,0,0,201,,,564,,,
2026-08-27,1,384,Donnarumma,GKP,15,a,,,,,3.0,,,3,3,117,,,145,,,
2026-08-27,1,385,Trafford,GKP,13,a,,,,,9.0,,,9,9,315,,,185,,,
2026-08-27,1,386,Bettinelli,GKP,15,a,,,,,0.0,,,0,0,515,,,361,,,
2026-08-27,1,387,O'Reilly,DEF,15,a,,,,,2.0,,,2,2,34,,,79,,,
2026-08-27,1,388,Guéhi,DEF,15,a,,,,,10.0,,,10,10,56,,,23,,,
2026-08-27,1,389,Matheus N.,DEF,15,d,Unspecified injury - 50% chance of playing,2026-08-27T11:30:08.171622Z,100,50,1.0,,,1,1,62,,,238,,,
2026-08-27,1,390,Rúben,DEF,15,a,,,,,2.0,,,2,2,128,,,92,,,
2026-08-27,1,391,Gvardiol,DEF,15,a,,,,,9.0,,,9,9,152,,,33,,,
2026-08-27,1,392,Aït-Nouri,DEF,15,a,,,,,0.0,,,0,0,165,,,565,,,
2026-08-27,1,393,Khusanov,DEF,15,a,,,,,2.0,,,2,2,160,,,180,,,
2026-08-27,1,394,Alleyne,DEF,15,u,Has joined Burnley on loan for the rest of the season,2026-08-18T14:11:56.324656Z,0,0,0.0,,,0,0,327,,,517,,,
2026-08-27,1,395,Lewis,DEF,15,a,,,,,1.0,,,1,1,453,,,83,,,
2026-08-27,1,396,Vitor Reis,DEF,15,a,,,,,0.0,,,0,0,516,,,435,,,
2026-08-27,1,397,Semenyo,MID,15,a,,,,,2.0,,,2,2,6,,,88,,,
2026-08-27,1,398,Foden,MID,15,a,,,,,1.0,,,1,1,27,,,37,,,
2026-08-27,1,399,Cherki,MID,15,a,,,,,8.0,,,8,8,16,,,18,,,
2026-08-27,1,400,Doku,MID,15,i,Calf injury - Expected back 5 Sep,2026-08-18T17:00:08.385597Z,0,0,0.0,,,0,0,20,,,613,,,
2026-08-27,1,401,Marmoush,FWD,15,a,,,,,0.0,,,0,0,29,,,611,,,
2026-08-27,1,402,Rodrigo,MID,15,u,Has joined Barcelona permanently,2026-07-23T12:01:23.675537Z,0,0,0.0,,,0,0,46,,,603,,,
2026-08-27,1,403,Sávio,MID,19,a,,,,,0.0,,,0,0,50,,,608,,,
2026-08-27,1,404,Reijnders,MID,15,u,Has joined Al Qadsiah permanently,2026-08-20T14:02:58.154273Z,0,0,0.0,,,0,0,83,,,590,,,
2026-08-27,1,405,N.Gonzalez,MID,15,a,,,,,0.0,,,0,0,164,,,569,,,
2026-08-27,1,406,Kovačić,MID,15,a,,,,,1.0,,,1,1,198,,,268,,,
2026-08-27,1,407,Echeverri,MID,15,a,,,,,0.0,,,0,0,374,,,536,,,
2026-08-27,1,408,Phillips,MID,15,u,Has joined Sheffield United on loan for the rest of the season,2026-08-18T14:11:56.348781Z,0,0,0.0,,,0,0,375,,,458,,,
2026-08-27,1,409,Mukasa,MID,15,a,,,,,0.0,,,0,0,473,,,428,,,
2026-08-27,1,410,Monga,MID,15,a,,,,,0.0,,,0,0,376,,,541,,,
2026-08-27,1,411,Haaland,FWD,15,a,,,,,2.0,,,2,2,1,,,55,,,
2026-08-27,1,412,Lammens,GKP,16,a,,,,,1.0,,,1,1,243,,,178,,,
2026-08-27,1,413,Bayindir,GKP,16,u,Has joined Celta Vigo on loan for the rest of the season,2026-08-10T14:02:28.608415Z,0,0,0.0,,,0,0,459,,,390,,,
2026-08-27,1,414,Heaton,GKP,16,i,Hamstring injury - Unknown return date,2026-08-15T16:00:07.854151Z,0,0,0.0,,,0,0,601,,,296,,,
2026-08-27,1,415,Dorgu,MID,16,a,,,,,0.0,,,0,0,82,,,250,,,
2026-08-27,1,416,De Ligt,DEF,16,i,Back injury - Unknown return date,2026-07-23T12:01:23.690880Z,0,0,0.0,,,0,0,291,,,469,,,
2026-08-27,1,417,Dalot,DEF,16,a,,,,,1.0,,,1,1,242,,,183,,,
2026-08-27,1,418,Maguire,DEF,16,a,,,,,1.0,,,1,1,255,,,40,,,
2026-08-27,1,419,Martinez,DEF,16,a,,2026-07-24T20:00:10.337107Z,100,100,0.0,,,0,0,285,,,475,,,
2026-08-27,1,420,Yoro,DEF,16,a,,,,,0.0,,,0,0,283,,,531,,,
2026-08-27,1,421,Heaven,DEF,16,a,,,,,1.0,,,1,1,438,,,177,,,
2026-08-27,1,422,Mazraoui,DEF,16,a,,,,,1.0,,,1,1,433,,,61,,,
2026-08-27,1,423,Shaw,DEF,16,a,,,,,1.0,,,1,1,407,,,20,,,
2026-08-27,1,424,Amass,DEF,16,a,,,,,0.0,,,0,0,604,,,343,,,
2026-08-27,1,425,Fredricson,DEF,16,u,Has joined Lausanne-Sport permanently,2026-08-18T14:12:31.904433Z,0,0,0.0,,,0,0,553,,,336,,,
2026-08-27,1,426,B.Fernandes,MID,16,a,,,,,2.0,,,2,2,2,,,17,,,
2026-08-27,1,427,Mbeumo,MID,16,a,,,,,2.0,,,2,2,11,,,25,,,
2026-08-27,1,428,Cunha,MID,16,a,,,,,2.0,,,2,2,12,,,46,,,
2026-08-27,1,429,Rashford,MID,16,a,,,,,1.0,,,1,1,30,,,49,,,
2026-08-27,1,430,Mount,MID,16,d,Foot injury - 75% chance of playing,2026-08-15T16:00:07.879135Z,50,75,0.0,,,0,0,166,,,552,,,
2026-08-27,1,431,Amad,MID,16,d,Unspecified injury - 75% chance of playing,2026-08-22T11:00:08.617283Z,,75,0.0,,,0,0,86,,,586,,,
2026-08-27,1,432,Mainoo,MID,16,a,,,,,1.0,,,1,1,157,,,247,,,
2026-08-27,1,433,Ugarte,MID,16,i,Knee injury - Unknown return date,2026-07-23T12:01:23.706702Z,0,0,0.0,,,0,0,296,,,480,,,
2026-08-27,1,434,J.Fletcher,MID,16,a,,,,,0.0,,,0,0,331,,,529,,,
2026-08-27,1,435,Lacey,MID,16,a,,,,,1.0,,,1,1,332,,,289,,,
2026-08-27,1,436,Collyer,MID,16,a,,,,,0.0,,,0,0,377,,,513,,,
2026-08-27,1,437,Bendito Mantato,MID,16,a,,,,,0.0,,,0,0,483,,,426,,,
2026-08-27,1,438,Fletcher,MID,16,a,,,,,0.0,,,0,0,474,,,409,,,
2026-08-27,1,439,Šeško,FWD,16,a,,2026-07-23T12:01:23.722029Z,75,100,1.0,,,1,1,28,,,239,,,
2026-08-27,1,440,Zirkzee,FWD,16,a,,,,,0.0,,,0,0,178,,,566,,,
2026-08-27,1,441,Obi,FWD,16,a,,,,,0.0,,,0,0,518,,,431,,,
2026-08-27,1,442,Pope,GKP,17,a,,,,,0.0,,,0,0,250,,,447,,,
2026-08-27,1,443,Gillespie,GKP,17,a,,,,,0.0,,,0,0,520,,,353,,,
2026-08-27,1,444,Jaouen,GKP,17,a,,,,,0.0,,,0,0,523,,,418,,,
2026-08-27,1,445,Thiaw,DEF,17,a,,,,,3.0,,,3,3,233,,,108,,,
2026-08-27,1,446,Schär,DEF,17,a,,2026-08-15T16:30:07.209742Z,100,100,1.0,,,1,1,286,,,453,,,
2026-08-27,1,447,Botman,DEF,17,a,,,,,3.0,,,3,3,256,,,121,,,
2026-08-27,1,448,Burn,DEF,17,i,Ankle injury - Expected back 14 Sep,2026-08-23T18:00:08.367241Z,,0,0.0,,,0,0,252,,,446,,,
2026-08-27,1,449,Hall,DEF,17,a,,,,,3.0,,,3,3,259,,,113,,,
2026-08-27,1,450,Livramento,DEF,17,i,Calf injury - Unknown return date,2026-07-23T12:01:23.753221Z,0,0,0.0,,,0,0,278,,,492,,,
2026-08-27,1,451,A.Murphy,DEF,17,u,Has joined FC Kaiserslautern on loan for the rest of the season,2026-08-12T14:05:29.224600Z,0,0,0.0,,,0,0,552,,,335,,,
2026-08-27,1,452,Bruno G.,MID,1,d,Thigh injury - 75% chance of playing,2026-08-20T17:00:08.846118Z,75,75,0.0,,,0,0,25,,,610,,,
2026-08-27,1,453,Barnes,MID,17,a,,,,,2.0,,,2,2,80,,,202,,,
2026-08-27,1,454,Elanga,MID,17,a,,,,,9.0,,,9,9,98,,,45,,,
2026-08-27,1,455,Tonali,MID,19,a,,,,,2.0,,,2,2,150,,,172,,,
2026-08-27,1,456,J.Ramsey,MID,17,a,,,,,0.0,,,0,0,274,,,224,,,
2026-08-27,1,457,J.Murphy,MID,17,a,,,,,0.0,,,0,0,88,,,293,,,
2026-08-27,1,458,Joelinton,MID,17,i,Unspecified injury - Unknown return date,2026-08-16T08:00:08.074045Z,0,0,0.0,,,0,0,158,,,551,,,
2026-08-27,1,459,L.Miley,MID,17,a,,2026-07-23T12:01:23.785456Z,100,100,3.0,,,3,3,159,,,103,,,
2026-08-27,1,460,Willock,MID,17,a,,,,,6.0,,,6,6,297,,,52,,,
2026-08-27,1,461,Touré,MID,17,a,,,,,0.0,,,0,0,109,,,600,,,
2026-08-27,1,462,Steur,MID,17,a,,,,,1.0,,,1,1,381,,,283,,,
2026-08-27,1,463,Woltemade,FWD,17,a,,,,,0.0,,,0,0,79,,,594,,,
2026-08-27,1,464,Wissa,FWD,17,a,,,,,4.0,,,4,4,103,,,48,,,
2026-08-27,1,465,Osula,FWD,17,d,Foot injury - 25% chance of playing,2026-08-25T19:00:08.004915Z,,25,4.0,,,4,4,91,,,78,,,
2026-08-27,1,466,Neave,FWD,17,a,,,,,0.0,,,0,0,484,,,433,,,
2026-08-27,1,467,Sels,GKP,18,a,,,,,2.0,,,2,2,245,,,217,,,
2026-08-27,1,468,John,GKP,18,a,,,,,0.0,,,0,0,460,,,375,,,
2026-08-27,1,469,N.Williams,DEF,18,a,,,,,2.0,,,2,2,232,,,144,,,
2026-08-27,1,470,Morato,DEF,18,a,,,,,0.0,,,0,0,284,,,506,,,
2026-08-27,1,471,Milenković,DEF,18,a,,,,,2.0,,,2,2,123,,,166,,,
2026-08-27,1,472,Murillo,DEF,18,a,,2026-07-23T12:01:23.801183Z,100,100,4.0,,,4,4,146,,,57,,,
2026-08-27,1,473,Aina,DEF,18,a,,,,,5.0,,,5,5,426,,,50,,,
2026-08-27,1,474,Jair Cunha,DEF,18,a,,,,,1.0,,,1,1,458,,,164,,,
2026-08-27,1,475,Savona,DEF,18,i,Knee injury - Unknown return date,2026-07-23T12:01:23.816304Z,0,0,0.0,,,0,0,442,,,402,,,
2026-08-27,1,476,O.Richards,DEF,18,a,,,,,0.0,,,0,0,605,,,313,,,
2026-08-27,1,477,Abbott,DEF,18,a,,,,,0.0,,,0,0,550,,,338,,,
2026-08-27,1,478,Netz,DEF,18,a,,,,,1.0,,,1,1,461,,,288,,,
2026-08-27,1,479,Bindon,DEF,18,a,,,,,0.0,,,0,0,606,,,334,,,
2026-08-27,1,480,Gibbs-White,MID,18,d,Knee injury - 75% chance of playing,2026-08-24T15:30:08.350159Z,,75,2.0,,,2,2,8,,,160,,,
2026-08-27,1,481,Anderson,MID,15,a,,2026-08-23T17:00:07.952697Z,,100,2.0,,,2,2,31,,,142,,,
2026-08-27,1,482,Hudson-Odoi,MID,18,a,,2026-07-23T12:01:23.832709Z,100,100,0.0,,,0,0,87,,,589,,,
2026-08-27,1,483,Ndoye,MID,18,a,,,,,3.0,,,3,3,168,,,269,,,
2026-08-27,1,484,Hutchinson,MID,18,a,,,,,0.0,,,0,0,148,,,576,,,
2026-08-27,1,485,Bakwa,MID,18,u,Has joined Lille on loan for the rest of the season,2026-08-27T14:53:03.381941Z,,0,0.0,,,0,0,186,,,571,,,
2026-08-27,1,486,McAtee,MID,18,a,,,,,3.0,,,3,3,191,,,67,,,
2026-08-27,1,487,Dominguez,MID,18,a,,,,,0.0,,,0,0,287,,,487,,,
2026-08-27,1,488,I.Sangaré,MID,18,a,,,,,2.0,,,2,2,257,,,119,,,
2026-08-27,1,489,Yates,MID,18,i,Unspecified injury - Unknown return date,2026-08-17T20:30:08.195072Z,0,0,0.0,,,0,0,445,,,371,,,
2026-08-27,1,490,Wood,FWD,18,a,,,,,1.0,,,1,1,101,,,271,,,
2026-08-27,1,491,Igor Jesus,FWD,18,a,,,,,2.0,,,2,2,77,,,96,,,
2026-08-27,1,492,Awoniyi,FWD,7,a,,,,,1.0,,,1,1,176,,,291,,,
2026-08-27,1,493,Kalimuendo,FWD,18,a,,,,,1.0,,,1,1,199,,,568,,,
2026-08-27,1,494,Vicario,GKP,19,u,Has joined Juventus on loan for the rest of the season,2026-08-19T13:55:33.193962Z,0,0,0.0,,,0,0,418,,,367,,,
2026-08-27,1,495,Austin,GKP,19,a,,,,,0.0,,,0,0,607,,,314,,,
2026-08-27,1,496,Kinsky,GKP,19,a,,,,,2.0,,,2,2,451,,,90,,,
2026-08-27,1,497,Dubravka,GKP,19,a,,,,,0.0,,,0,0,543,,,300,,,
2026-08-27,1,498,Senesi,DEF,19,a,,,,,3.0,,,3,3,57,,,105,,,
2026-08-27,1,499,Pedro Porro,DEF,19,a,,2026-08-21T15:22:48.149081Z,0,100,0.0,,,0,0,124,,,563,,,
2026-08-27,1,500,Romero,DEF,19,u,Has joined Atletico Madrid permanently,2026-08-17T13:49:05.465401Z,0,0,0.0,,,0,0,254,,,474,,,
2026-08-27,1,501,Danso,DEF,19,a,,,,,0.0,,,0,0,273,,,455,,,
2026-08-27,1,502,Robertson,DEF,19,a,,,,,3.0,,,3,3,431,,,69,,,
2026-08-27,1,503,Van de Ven,DEF,19,a,,2026-08-21T15:00:07.610517Z,0,100,0.0,,,0,0,238,,,514,,,
2026-08-27,1,504,Vuskovic,DEF,5,a,,,,,6.0,,,6,6,383,,,137,,,
2026-08-27,1,505,Spence,DEF,19,u,Has joined Internazionale permanently,2026-08-18T14:13:08.454214Z,0,0,0.0,,,0,0,421,,,381,,,
2026-08-27,1,506,Udogie,DEF,19,a,,,,,1.0,,,1,1,447,,,394,,,
2026-08-27,1,507,Phillips,DEF,19,u,Has joined Middlesbrough permanently,2026-08-18T14:13:08.474144Z,0,0,0.0,,,0,0,524,,,413,,,
2026-08-27,1,508,Davies,DEF,19,a,,,,,0.0,,,0,0,546,,,305,,,
2026-08-27,1,509,Byfield,DEF,19,a,,,,,0.0,,,0,0,554,,,348,,,
2026-08-27,1,510,Rowswell,DEF,19,a,,,,,0.0,,,0,0,555,,,330,,,
2026-08-27,1,511,Souza,DEF,19,a,,,,,0.0,,,0,0,551,,,347,,,
2026-08-27,1,512,Kudus,MID,19,d,Thigh injury - 50% chance of playing,2026-07-23T12:01:23.848657Z,25,50,0.0,,,0,0,43,,,607,,,
2026-08-27,1,513,Xavi,MID,19,i,Knee injury - Unknown return date,2026-07-23T12:01:23.864304Z,0,0,0.0,,,0,0,89,,,596,,,
2026-08-27,1,514,Tel,MID,19,a,,,,,2.0,,,2,2,90,,,89,,,
2026-08-27,1,515,Maddison,MID,19,d,Shoulder injury - 75% chance of playing,2026-08-25T14:30:07.623508Z,,75,1.0,,,1,1,51,,,174,,,
2026-08-27,1,516,Bentancur,MID,19,a,,,,,1.0,,,1,1,143,,,199,,,
2026-08-27,1,517,Odobert,MID,19,i,Knee injury - Unknown return date,2026-07-23T12:01:23.879434Z,0,0,0.0,,,0,0,171,,,579,,,
2026-08-27,1,518,P.M.Sarr,MID,19,i,Hamstring injury - Unknown return date,2026-08-21T14:30:08.419690Z,0,0,0.0,,,0,0,265,,,505,,,
2026-08-27,1,519,Gallagher,MID,19,a,,,,,0.0,,,0,0,175,,,259,,,
2026-08-27,1,520,Bergvall,MID,19,a,,,,,1.0,,,1,1,170,,,581,,,
2026-08-27,1,521,Kulusevski,MID,19,i,Knee injury - Unknown return date,2026-07-23T12:01:23.895175Z,0,0,0.0,,,0,0,54,,,605,,,
2026-08-27,1,522,Gray,MID,19,a,,,,,2.0,,,2,2,276,,,235,,,
2026-08-27,1,523,Moore,MID,19,a,,,,,2.0,,,2,2,385,,,35,,,
2026-08-27,1,524,Olusesi,MID,19,a,,,,,0.0,,,0,0,485,,,400,,,
2026-08-27,1,525,Fernandes,MID,19,a,,,,,1.0,,,1,1,70,,,114,,,
2026-08-27,1,526,Solanke,FWD,19,a,,,,,1.0,,,1,1,102,,,260,,,
2026-08-27,1,527,Richarlison,FWD,19,a,,,,,2.0,,,2,2,74,,,286,,,
2026-08-27,1,528,Scarlett,FWD,19,a,,,,,0.0,,,0,0,475,,,395,,,
2026-08-27,1,529,Roefs,GKP,20,a,,,,,1.0,,,1,1,228,,,209,,,
2026-08-27,1,530,Patterson,GKP,20,u,Has joined Wrexham permanently,2026-08-12T14:08:03.064533Z,0,0,0.0,,,0,0,608,,,317,,,
2026-08-27,1,531,Ellborg,GKP,20,a,,,,,0.0,,,0,0,455,,,407,,,
2026-08-27,1,532,Ballard,DEF,20,a,,,,,0.0,,,0,0,239,,,184,,,
2026-08-27,1,533,Mukiele,DEF,20,a,,2026-08-09T08:30:05.954750Z,100,100,0.0,,,0,0,113,,,554,,,
2026-08-27,1,534,Hume,DEF,20,a,,,,,2.0,,,2,2,408,,,51,,,
2026-08-27,1,535,Alderete,DEF,20,a,,2026-08-09T08:30:05.962393Z,100,100,1.0,,,1,1,234,,,467,,,
2026-08-27,1,536,Reinildo,DEF,20,a,,,,,1.0,,,1,1,423,,,62,,,
2026-08-27,1,537,Seelt,DEF,20,a,,,,,0.0,,,0,0,476,,,408,,,
2026-08-27,1,538,Hjelde,DEF,20,u,Has joined KV Mechelen on loan for the rest of the season,2026-08-12T14:08:03.081789Z,0,0,0.0,,,0,0,616,,,325,,,
2026-08-27,1,539,O'Nien,DEF,20,a,,,,,1.0,,,1,1,545,,,195,,,
2026-08-27,1,540,Masuaku,DEF,20,u,Has joined Konyaspor permanently,2026-08-12T14:08:03.097784Z,0,0,0.0,,,0,0,556,,,303,,,
2026-08-27,1,541,Meunier,DEF,20,a,,2026-08-16T08:30:07.830062Z,100,100,1.0,,,1,1,525,,,131,,,
2026-08-27,1,542,E.Le Fée,MID,20,a,,,,,2.0,,,2,2,63,,,211,,,
2026-08-27,1,543,Diarra,MID,20,a,,,,,1.0,,,1,1,161,,,279,,,
2026-08-27,1,544,Xhaka,MID,20,a,,,,,9.0,,,9,9,122,,,76,,,
2026-08-27,1,545,Sadiki,MID,20,a,,,,,2.0,,,2,2,258,,,42,,,
2026-08-27,1,546,Adingra,MID,20,i,Ankle injury - Unknown return date,2026-08-20T14:00:08.416985Z,0,0,0.0,,,0,0,302,,,524,,,
2026-08-27,1,547,Mundle,MID,20,a,,,,,0.0,,,0,0,311,,,500,,,
2026-08-27,1,548,Rigg,MID,20,a,,,,,1.0,,,1,1,300,,,534,,,
2026-08-27,1,549,Talbi,MID,20,a,,,,,1.0,,,1,1,147,,,578,,,
2026-08-27,1,550,Jocelin.T,MID,20,a,,,,,0.0,,,0,0,336,,,544,,,
2026-08-27,1,551,Angulo,MID,20,a,,,,,5.0,,,5,5,316,,,71,,,
2026-08-27,1,552,Brobbey,FWD,20,a,,,,,2.0,,,2,2,84,,,233,,,
2026-08-27,1,553,Isidor,FWD,20,a,,,,,1.0,,,1,1,155,,,561,,,
2026-08-27,1,554,Tzolis,MID,1,a,,,,,6.0,,,6,6,55,,,24,,,
2026-08-27,1,555,Silva,DEF,3,a,,,,,2.0,,,2,2,384,,,126,,,
2026-08-27,1,556,M.Sangaré,MID,4,a,,,,,14.0,,,14,14,216,,,39,,,
2026-08-27,1,557,Penders,GKP,6,a,,,,,0.0,,,0,0,522,,,415,,,
2026-08-27,1,558,Anselmino,DEF,6,d,Hamstring injury - 25% chance of playing,2026-08-23T19:00:08.536705Z,,25,0.0,,,0,0,521,,,436,,,
2026-08-27,1,559,Matthews,GKP,8,a,,,,,0.0,,,0,0,603,,,309,,,
2026-08-27,1,560,Targett,DEF,11,a,,,,,1.0,,,1,1,602,,,308,,,
2026-08-27,1,561,Morita,MID,11,a,,2026-08-15T16:00:07.961518Z,50,100,0.0,,,0,0,382,,,495,,,
2026-08-27,1,562,Van Oevelen,GKP,12,u,Has joined Valencia on loan for the rest of the season,2026-08-25T14:04:09.529320Z,,0,0.0,,,0,0,519,,,412,,,
2026-08-27,1,563,Maeda,MID,12,a,,,,,2.0,,,2,2,215,,,173,,,
2026-08-27,1,564,Scherpen,GKP,12,a,,,,,2.0,,,2,2,517,,,214,,,
2026-08-27,1,565,Bamba,MID,17,a,,,,,1.0,,,1,1,380,,,266,,,
2026-08-27,1,566,Horníček,GKP,17,a,,,,,1.0,,,1,1,379,,,100,,,
2026-08-27,1,567,Schlager,MID,18,a,,,,,1.0,,,1,1,378,,,264,,,
2026-08-27,1,568,Barco,MID,6,a,,,,,0.0,,,0,0,219,,,577,,,
2026-08-27,1,569,Gonzalo,FWD,10,a,,,,,6.0,,,6,6,110,,,30,,,
2026-08-27,1,570,Palacios,MID,10,a,,,,,2.0,,,2,2,217,,,194,,,
2026-08-27,1,571,Tzolakis,GKP,11,a,,,,,10.0,,,10,10,526,,,116,,,
2026-08-27,1,572,Florentino,MID,12,d,Calf injury - 75% chance of playing,2026-08-25T11:30:07.678802Z,,75,0.0,,,0,0,386,,,472,,,
2026-08-27,1,573,Sanchez,DEF,3,a,,,,,0.0,,,0,0,531,,,399,,,
2026-08-27,1,574,Yirenkyi,MID,7,a,,,,,1.0,,,1,1,391,,,543,,,
2026-08-27,1,575,Tomiyasu,DEF,8,a,,,,,1.0,,,1,1,530,,,254,,,
2026-08-27,1,576,Hjertø-Dahl,MID,11,a,,,,,0.0,,,0,0,388,,,533,,,
2026-08-27,1,577,Stroud,MID,11,a,,,,,3.0,,,3,3,387,,,225,,,
2026-08-27,1,578,Mudryk,MID,6,a,,,,,0.0,,,0,0,222,,,570,,,
2026-08-27,1,579,Charles,MID,10,a,,,,,1.0,,,1,1,389,,,256,,,
2026-08-27,1,580,Araujo,DEF,14,a,,,,,1.0,,,1,1,221,,,219,,,
2026-08-27,1,581,Diomande,DEF,18,a,,,,,0.0,,,0,0,220,,,580,,,
2026-08-27,1,582,Madjo,FWD,2,i,Unspecified injury - Unknown return date,2026-08-15T16:00:07.974271Z,0,0,0.0,,,0,0,224,,,585,,,
2026-08-27,1,583,Chavarria,DEF,6,a,,,,,1.0,,,1,1,390,,,257,,,
2026-08-27,1,584,Hamer,MID,7,a,,,,,1.0,,,1,1,223,,,290,,,
2026-08-27,1,585,Herrington,DEF,11,a,,,,,1.0,,,1,1,613,,,241,,,
2026-08-27,1,586,Mendy,DEF,11,a,,2026-08-22T17:30:08.045208Z,,100,15.0,,,15,15,609,,,27,,,
2026-08-27,1,587,Rulli,GKP,15,a,,,,,0.0,,,0,0,392,,,450,,,
2026-08-27,1,588,Khalaili,DEF,8,a,,,,,1.0,,,1,1,395,,,63,,,
2026-08-27,1,589,Gourna-Douath,MID,11,a,,,,,0.0,,,0,0,393,,,504,,,
2026-08-27,1,590,Benda,GKP,18,a,,,,,0.0,,,0,0,527,,,387,,,
2026-08-27,1,591,Enciso,MID,12,a,,2026-08-22T18:00:07.551930Z,,100,5.0,,,5,5,225,,,68,,,
2026-08-27,1,592,Ouattara,DEF,12,a,,,,,1.0,,,1,1,611,,,207,,,
2026-08-27,1,593,David,FWD,5,a,,,,,0.0,,,0,0,111,,,597,,,
2026-08-27,1,594,Gozo,MID,8,a,,,,,0.0,,,0,0,394,,,535,,,
2026-08-27,1,595,Dedić,DEF,17,a,,,,,1.0,,,1,1,528,,,161,,,
2026-08-27,1,596,Ruggeri,DEF,2,a,,,,,1.0,,,1,1,532,,,262,,,
2026-08-27,1,597,Suzuki,GKP,2,a,,,,,0.0,,,0,0,397,,,488,,,
2026-08-27,1,598,Cherif,FWD,7,a,,,,,0.0,,,0,0,396,,,540,,,
2026-08-27,1,599,Elvedi,DEF,13,a,,,,,0.0,,,0,0,529,,,366,,,
2026-08-27,1,600,Osman,MID,5,a,,,,,1.0,,,1,1,398,,,157,,,
2026-08-27,1,601,Humphreys,MID,12,a,,,,,0.0,,,0,0,536,,,410,,,
2026-08-27,1,602,Lienou,DEF,13,a,,,,,0.0,,,0,0,612,,,349,,,
2026-08-27,1,603,Cresswell,MID,13,a,,,,,0.0,,,0,0,534,,,429,,,
2026-08-27,1,604,Williams-Barnett,MID,19,a,,,,,0.0,,,0,0,533,,,434,,,
2026-08-27,1,605,Rowe,DEF,2,a,,,,,0.0,,,0,0,614,,,340,,,
2026-08-27,1,606,Lynch,MID,2,a,,,,,0.0,,,0,0,537,,,424,,,
2026-08-27,1,607,Jebbison,FWD,3,a,,,,,1.0,,,1,1,399,,,171,,,
2026-08-27,1,608,Yalcouyé,MID,5,a,,,,,1.0,,,1,1,535,,,275,,,
2026-08-27,1,609,Shahar,DEF,17,a,,,,,0.0,,,0,0,610,,,339,,,
2026-08-27,1,610,De Fougerolles,DEF,10,a,,,,,0.0,,,0,0,615,,,337,,,
2026-08-27,1,611,Wan-Bissaka,DEF,2,a,,,,,0.0,,,0,0,539,,,372,,,
2026-08-27,1,612,Methalie,DEF,20,a,,,,,0.0,,,0,0,538,,,439,,,
2026-08-27,1,613,Hadjam,DEF,5,a,,,,,0.0,,,0,0,541,,,405,,,
2026-08-27,1,614,Ahoka,MID,20,a,,,,,0.0,,,0,0,540,,,443,,,
2026-08-27,1,615,Di Gregorio,GKP,3,a,,,,,0.0,,,0,0,542,,,,,,
2026-08-27,1,616,Bouaddi,MID,15,a,,,,,0.0,,,0,0,192,,,,,,
